Workbook

Sheet Sources & Method
A1: Bandung SPMB Admission Predictor · worked example
A2: Data collected 23 October 2026 from official SPMB portals. No personal student data is stored; only per-school statistics (min, median, max, counts).
A4: Data | B4: Content | C4: Source
A5: Recap 2023–2025 | B5: Lowest and highest admitted score/distance per school per track (Recapitulation page). 2023–2024 = zoning, 2025 = domicile. | C5: https://spmb.bandung.go.id/recapitulation
A6: Quotas & applicants 2026 | B6: Final quota per track and applicant count per school (School Info page). | C6: https://spmb.bandung.go.id/school-info
A7: 2026 selection results, Round 1 | B7: Score and TKA of every student admitted via report-card and competition tracks, aggregated to min/median/max. | C7: https://spmb.bandung.go.id/selection-result/one-pharse
A8: 2026 selection results, Round 2 | B8: Distance of every student admitted via domicile, aggregated to the farthest distance (cut-off). | C8: https://spmb.bandung.go.id/selection-result/two-pharse
A9: Domicile zone | B9: The 19 public junior high schools in Zone B (east Bandung), from the Schools by Zone & Distance tool. | C9: https://spmb.bandung.go.id/home
A10: SPMB 2026 Guide | B10: Report-card score formula, rank bonus, competition score table, number of choices, round flow. | C10: https://spmb.bandung.go.id/document (PANDUAN SPMB 2026)
A11: SPMB West Java senior high 2026 | B11: Final standings per public senior high in Bandung: lowest/median report score, farthest domicile distance. Applicants' junior high is not published. | C11: https://spmb.jabarprov.go.id/sekolah
A12: Home location | B12: Example: Ujungberung town square. Change it in the yellow cells. | C12: Your input
A13: Example grades | B13: Made-up grades for two example students. Replace with real grades. | C13: Example
A15: Model assumptions (editable, yellow cells)
A16: Uncertainty of the student's TKA (points) | B16: 7 | C16: TKA not yet taken; ±7 points.
A17: Year-to-year cut-off volatility, selective schools | B17: 1.8 | C17: From 2023–2025 min-score variation (old scale), SMPN 8/17/56/50.
A18: Cut-off volatility, non-selective schools | B18: 3
A19: Risk an open school turns selective (outside Zone B) | B19: 0.3 | C19: Zone B uses each school's 2023–2025 history.
A20: Competition cut-off volatility | B20: 5
A21: Maximum competition-track probability | B21: 0.97 | C21: Residual certificate-verification risk.
A22: Minimum domicile cut-off uncertainty (log) | B22: 0.3
A23: Weight of 2023 in domicile cut-off | B23: 0.05
A24: Weight 2024 | B24: 0.15
A25: Weight 2025 | B25: 0.25
A26: Weight 2026 | B26: 0.55
A27: Senior high domicile cut-off uncertainty (log) | B27: 0.35
A28: Home latitude | B28: -6.9135 | C28: Example
A29: Home longitude | B29: 107.7005 | C29: Example
A31: How it is calculated
A32: • | B32: Report average = mean of 8 subjects (religion, Pancasila, Indonesian, mathematics, science & social, arts & crafts, physical ed., English) × 5 semesters (grades 4, 5, grade 6 sem 1). Sundanese and environmental studies are excluded.
A33: • | B33: Final TKA = mean of Indonesian and Mathematics TKA (admitted 2026 TKA scores always end in .00/.33/.67, consistent with averaging two scores).
A34: • | B34: Report score (2026 Guide): NA = 70% × (40% × report average + Bonus) + 30% × TKA; Bonus = 60 − (60/28) × (rank − 1) for ranks 1–3, otherwise 0.
A35: • | B35: Report-card probability, selective school (2026 min > 80): NORM.S.DIST((NA − min2026) / √((0.3·sdTKA)² + sdSel²)).
A36: • | B36: Report-card probability, open school: (1 − pflip) × NORM.S.DIST((NA − (min+1)) / √(..²+sdOpen²)) + pflip × NORM.S.DIST((NA − 85)/√(..²+2.5²)); pflip = min(0.6, selective years 2023–2025 ÷ 4 × 0.6).
A37: • | B37: Competition probability: MIN(capKej, NORM.S.DIST((highest certificate score − lowest admitted 2026 + 0.5) / sdKej)). Score 999 = direct admission (national champion).
A38: • | B38: Domicile probability: next year's distance cut-off is log-normal; μ = Σ weight × ln(that year's cut-off), σ = max(sdDomMin, weighted SD); probability = 1 − NORM.S.DIST((ln distance − μ)/σ).
A39: • | B39: Round 1 probability = 1 − (1−P1)(1−P2). Public school seat = 1 − (1−Round 1)(1−Round 2). Choices are treated as independent (a simplification).
A40: • | B40: Distance = straight line (haversine) from home coordinates to the school coordinates in the SPMB system.
A41: • | B41: Limitations: next year's rules are not published; no official teaching-quality data exists; cut-off scores and demand measure selectivity, not quality.

Sheet Calculator
A1: Calculator · edit the yellow cells (blue text = input)
A2: Empty semesters are skipped. Certificate codes: organizer gov / other / eduoffice / mass / none; level city / prov / nat / intl; type 0 = individual, 1 = team.
A4: Student A
A5: Subject | B5: G4 S1 | C5: G4 S2 | D5: G5 S1 | E5: G5 S2 | F5: G6 S1 | G5: Avg
A6: Religion (PABP) | B6: 88 | C6: 90 | D6: 91 | E6: 92 | G6: =IFERROR(AVERAGE(B6:F6),"") -> 90.25
A7: Pancasila | B7: 86 | C7: 88 | D7: 90 | E7: 91 | G7: =IFERROR(AVERAGE(B7:F7),"") -> 88.75
A8: Indonesian | B8: 87 | C8: 89 | D8: 88 | E8: 90 | G8: =IFERROR(AVERAGE(B8:F8),"") -> 88.5
A9: Mathematics | B9: 85 | C9: 88 | D9: 90 | E9: 92 | G9: =IFERROR(AVERAGE(B9:F9),"") -> 88.75
A10: Science & Social | B10: 86 | C10: 87 | D10: 90 | E10: 89 | G10: =IFERROR(AVERAGE(B10:F10),"") -> 88
A11: Arts & Crafts | B11: 88 | C11: 89 | D11: 90 | E11: 90 | G11: =IFERROR(AVERAGE(B11:F11),"") -> 89.25
A12: Physical Ed. | B12: 87 | C12: 88 | D12: 89 | E12: 90 | G12: =IFERROR(AVERAGE(B12:F12),"") -> 88.5
A13: English | B13: 89 | C13: 90 | D13: 91 | E13: 93 | G13: =IFERROR(AVERAGE(B13:F13),"") -> 90.75
A14: Semester avg | B14: =IFERROR(AVERAGE(B6:B13),"–") -> 87 | C14: =IFERROR(AVERAGE(C6:C13),"–") -> 88.625 | D14: =IFERROR(AVERAGE(D6:D13),"–") -> 89.875 | E14: =IFERROR(AVERAGE(E6:E13),"–") -> 90.875 | F14: =IFERROR(AVERAGE(F6:F13),"–") -> –
A16: Report average (8 subjects) | B16: =AVERAGE(B6:F13) -> 89.09375 | C16: Mean of all filled cells
A17: Class rank | B17: 2
A18: TKA Indonesian | B18: 82 | C18: Estimate
A19: TKA Mathematics | B19: 78 | C19: Estimate
A20: Final TKA | B20: =AVERAGE($B$18,$B$19) -> 80
A21: Rank bonus | B21: =IF($B$17<=3,60-(60/28)*($B$17-1),0) -> 57.857143
A22: Report score (NA) | B22: =0.7*(0.4*$B$16+$B$21)+0.3*$B$20 -> 89.44625 | C22: SPMB 2026 Guide
A23: Certificate 1: organizer / level / place / type | B23: none | C23: city | D23: 1 | E23: 1 | F23: =IF(B23="none",0,IFERROR(INDEX('Competition Scores'!$F:$F,MATCH(B23&"|"&C23&"|"&D23&"|"&E23,'Competition Scores'!$E:$E,0)),0)) -> 0 | G23: ← score
A24: Certificate 2: organizer / level / place / type | B24: none | C24: city | D24: 1 | E24: 1 | F24: =IF(B24="none",0,IFERROR(INDEX('Competition Scores'!$F:$F,MATCH(B24&"|"&C24&"|"&D24&"|"&E24,'Competition Scores'!$E:$E,0)),0)) -> 0 | G24: ← score
A25: Competition score (highest) | B25: =MAX(F23,F24) -> 0 | C25: 999 = direct admission
A26: Round 1 track | B26: report | C26: report / comp
A27: Choice 1 (code, e.g. N17) | B27: N17
A28: Choice 2 | B28: N46
A29: Choice 1 probability | B29: =IFERROR(IF($B$26="comp",INDEX('Schools 2026'!$S:$S,MATCH($B$27,'Schools 2026'!$A:$A,0)),INDEX('Schools 2026'!$Q:$Q,MATCH($B$27,'Schools 2026'!$A:$A,0))),0) -> 0.43911747
A30: Choice 2 probability | B30: =IF($B$28=$B$27,0,IFERROR(IF($B$26="comp",INDEX('Schools 2026'!$S:$S,MATCH($B$28,'Schools 2026'!$A:$A,0)),INDEX('Schools 2026'!$Q:$Q,MATCH($B$28,'Schools 2026'!$A:$A,0))),0)) -> 0.83971088
A31: Round 1 probability | B31: =1-(1-$B$29)*(1-$B$30) -> 0.91009663
A33: Student B
A34: Subject | B34: G4 S1 | C34: G4 S2 | D34: G5 S1 | E34: G5 S2 | F34: G6 S1 | G34: Avg
A35: Religion (PABP) | B35: 84 | C35: 86 | D35: 87 | E35: 88 | G35: =IFERROR(AVERAGE(B35:F35),"") -> 86.25
A36: Pancasila | B36: 83 | C36: 85 | D36: 86 | E36: 87 | G36: =IFERROR(AVERAGE(B36:F36),"") -> 85.25
A37: Indonesian | B37: 82 | C37: 84 | D37: 85 | E37: 86 | G37: =IFERROR(AVERAGE(B37:F37),"") -> 84.25
A38: Mathematics | B38: 80 | C38: 83 | D38: 84 | E38: 86 | G38: =IFERROR(AVERAGE(B38:F38),"") -> 83.25
A39: Science & Social | B39: 83 | C39: 84 | D39: 86 | E39: 85 | G39: =IFERROR(AVERAGE(B39:F39),"") -> 84.5
A40: Arts & Crafts | B40: 85 | C40: 86 | D40: 87 | E40: 87 | G40: =IFERROR(AVERAGE(B40:F40),"") -> 86.25
A41: Physical Ed. | B41: 90 | C41: 91 | D41: 92 | E41: 92 | G41: =IFERROR(AVERAGE(B41:F41),"") -> 91.25
A42: English | B42: 81 | C42: 83 | D42: 85 | E42: 86 | G42: =IFERROR(AVERAGE(B42:F42),"") -> 83.75
A43: Semester avg | B43: =IFERROR(AVERAGE(B35:B42),"–") -> 83.5 | C43: =IFERROR(AVERAGE(C35:C42),"–") -> 85.25 | D43: =IFERROR(AVERAGE(D35:D42),"–") -> 86.5 | E43: =IFERROR(AVERAGE(E35:E42),"–") -> 87.125 | F43: =IFERROR(AVERAGE(F35:F42),"–") -> –
A45: Report average (8 subjects) | B45: =AVERAGE(B35:F42) -> 85.59375 | C45: Mean of all filled cells
A46: Class rank | B46: 7
A47: TKA Indonesian | B47: 75 | C47: Estimate
A48: TKA Mathematics | B48: 72 | C48: Estimate
A49: Final TKA | B49: =AVERAGE($B$47,$B$48) -> 73.5
A50: Rank bonus | B50: =IF($B$46<=3,60-(60/28)*($B$46-1),0) -> 0
A51: Report score (NA) | B51: =0.7*(0.4*$B$45+$B$50)+0.3*$B$49 -> 46.01625 | C51: SPMB 2026 Guide
A52: Certificate 1: organizer / level / place / type | B52: gov | C52: prov | D52: 2 | E52: 1 | F52: =IF(B52="none",0,IFERROR(INDEX('Competition Scores'!$F:$F,MATCH(B52&"|"&C52&"|"&D52&"|"&E52,'Competition Scores'!$E:$E,0)),0)) -> 45 | G52: ← score
A53: Certificate 2: organizer / level / place / type | B53: other | C53: city | D53: 1 | E53: 0 | F53: =IF(B53="none",0,IFERROR(INDEX('Competition Scores'!$F:$F,MATCH(B53&"|"&C53&"|"&D53&"|"&E53,'Competition Scores'!$E:$E,0)),0)) -> 20 | G53: ← score
A54: Competition score (highest) | B54: =MAX(F52,F53) -> 45 | C54: 999 = direct admission
A55: Round 1 track | B55: comp | C55: report / comp
A56: Choice 1 (code, e.g. N17) | B56: N8
A57: Choice 2 | B57: N56
A58: Choice 1 probability | B58: =IFERROR(IF($B$55="comp",INDEX('Schools 2026'!$T:$T,MATCH($B$56,'Schools 2026'!$A:$A,0)),INDEX('Schools 2026'!$R:$R,MATCH($B$56,'Schools 2026'!$A:$A,0))),0) -> 0.97
A59: Choice 2 probability | B59: =IF($B$57=$B$56,0,IFERROR(IF($B$55="comp",INDEX('Schools 2026'!$T:$T,MATCH($B$57,'Schools 2026'!$A:$A,0)),INDEX('Schools 2026'!$R:$R,MATCH($B$57,'Schools 2026'!$A:$A,0))),0)) -> 0.97
A60: Round 1 probability | B60: =1-(1-$B$58)*(1-$B$59) -> 0.9991
A62: Round 2 · domicile (same home for both examples)
A63: Domicile choice 1 (code) | B63: N8
A64: Domicile choice 2 (code) | B64: N50
A65: Domicile probability 1 | B65: =IFERROR(INDEX('Zone B Domicile'!$P:$P,MATCH(B63,'Zone B Domicile'!$A:$A,0)),0) -> 0.98811426
A66: Domicile probability 2 | B66: =IF(B64=B63,0,IFERROR(INDEX('Zone B Domicile'!$P:$P,MATCH(B64,'Zone B Domicile'!$A:$A,0)),0)) -> 0.34330281
A67: Round 2 probability | B67: =1-(1-B65)*(1-B66) -> 0.99219467
A69: SUMMARY | B69: Student A | C69: Student B
A70: Report score (NA) | B70: =$B$22 -> 89.44625 | C70: =$B$51 -> 46.01625
A71: Round 1 admission | B71: =$B$31 -> 0.91009663 | C71: =$B$60 -> 0.9991
A72: Public school seat (Round 1 or 2) | B72: =1-(1-$B$31)*(1-B67) -> 0.99929827 | C72: =1-(1-$B$60)*(1-B67) -> 0.99999298

Sheet Schools 2026
A1: Code | B1: School | C1: Zone | D1: Lat | E1: Lng | F1: Home distance (m) | G1: Report quota | H1: Report applicants | I1: Report demand (×) | J1: Report min score | K1: Report median score | L1: Admitted TKA median | M1: Competition quota | N1: Competition applicants | O1: Competition min score | P1: pflip (selective 2023–25) | Q1: Report prob. Student A | R1: Report prob. Student B | S1: Competition prob. Student A | T1: Competition prob. Student B | U1: Selectivity rank
A2: N1 | B2: SMPN 1 | C2: D | D2: -6.911579 | E2: 107.59658 | F2: =2*6371000*ASIN(SQRT(SIN(RADIANS(D2-'Sources & Method'!$B$28)/2)^2+COS(RADIANS('Sources & Method'!$B$28))*COS(RADIANS(D2))*SIN(RADIANS(E2-'Sources & Method'!$B$29)/2)^2)) -> 11473.59 | G2: 48 | H2: 96 | I2: =IF(G2=0,0,H2/G2) -> 2 | J2: 91.17 | K2: 92.401 | L2: 83.33 | M2: 32 | N2: 34 | O2: 20 | P2: ='Sources & Method'!$B$19 -> 0.3 | Q2: =IF(J2>80,NORMSDIST((Calculator!$B$22-J2)/SQRT((0.3*'Sources & Method'!$B$16)^2+'Sources & Method'!$B$17^2)),(1-P2)*NORMSDIST((Calculator!$B$22-(J2+1))/SQRT((0.3*'Sources & Method'!$B$16)^2+'Sources & Method'!$B$18^2))+P2*NORMSDIST((Calculator!$B$22-85)/SQRT((0.3*'Sources & Method'!$B$16)^2+2.5^2))) -> 0.26656895 | R2: =IF(J2>80,NORMSDIST((Calculator!$B$51-J2)/SQRT((0.3*'Sources & Method'!$B$16)^2+'Sources & Method'!$B$17^2)),(1-P2)*NORMSDIST((Calculator!$B$51-(J2+1))/SQRT((0.3*'Sources & Method'!$B$16)^2+'Sources & Method'!$B$18^2))+P2*NORMSDIST((Calculator!$B$51-85)/SQRT((0.3*'Sources & Method'!$B$16)^2+2.5^2))) -> 3.2570798e-60 | S2: =IF(OR(M2=0,O2="",Calculator!$B$25=0),0,IF(Calculator!$B$25>=999,'Sources & Method'!$B$21,MIN('Sources & Method'!$B$21,NORMSDIST((Calculator!$B$25-O2+0.5)/'Sources & Method'!$B$20)))) -> 0 | T2: =IF(OR(M2=0,O2="",Calculator!$B$54=0),0,IF(Calculator!$B$54>=999,'Sources & Method'!$B$21,MIN('Sources & Method'!$B$21,NORMSDIST((Calculator!$B$54-O2+0.5)/'Sources & Method'!$B$20)))) -> 0.97 | U2: =RANK(J2,$J$2:$J$76) -> 7
A3: N2 | B3: SMPN 2 | C3: A | D3: -6.913925 | E3: 107.61412 | F3: =2*6371000*ASIN(SQRT(SIN(RADIANS(D3-'Sources & Method'!$B$28)/2)^2+COS(RADIANS('Sources & Method'!$B$28))*COS(RADIANS(D3))*SIN(RADIANS(E3-'Sources & Method'!$B$29)/2)^2)) -> 9535.1822 | G3: 39 | H3: 74 | I3: =IF(G3=0,0,H3/G3) -> 1.8974359 | J3: 94.363 | K3: 95.189 | L3: 88.34 | M3: 26 | N3: 45 | O3: 32 | P3: ='Sources & Method'!$B$19 -> 0.3 | Q3: =IF(J3>80,NORMSDIST((Calculator!$B$22-J3)/SQRT((0.3*'Sources & Method'!$B$16)^2+'Sources & Method'!$B$17^2)),(1-P3)*NORMSDIST((Calculator!$B$22-(J3+1))/SQRT((0.3*'Sources & Method'!$B$16)^2+'Sources & Method'!$B$18^2))+P3*NORMSDIST((Calculator!$B$22-85)/SQRT((0.3*'Sources & Method'!$B$16)^2+2.5^2))) -> 0.037730291 | R3: =IF(J3>80,NORMSDIST((Calculator!$B$51-J3)/SQRT((0.3*'Sources & Method'!$B$16)^2+'Sources & Method'!$B$17^2)),(1-P3)*NORMSDIST((Calculator!$B$51-(J3+1))/SQRT((0.3*'Sources & Method'!$B$16)^2+'Sources & Method'!$B$18^2))+P3*NORMSDIST((Calculator!$B$51-85)/SQRT((0.3*'Sources & Method'!$B$16)^2+2.5^2))) -> 1.0209923e-68 | S3: =IF(OR(M3=0,O3="",Calculator!$B$25=0),0,IF(Calculator!$B$25>=999,'Sources & Method'!$B$21,MIN('Sources & Method'!$B$21,NORMSDIST((Calculator!$B$25-O3+0.5)/'Sources & Method'!$B$20)))) -> 0 | T3: =IF(OR(M3=0,O3="",Calculator!$B$54=0),0,IF(Calculator!$B$54>=999,'Sources & Method'!$B$21,MIN('Sources & Method'!$B$21,NORMSDIST((Calculator!$B$54-O3+0.5)/'Sources & Method'!$B$20)))) -> 0.97 | U3: =RANK(J3,$J$2:$J$76) -> 1
A4: N3 | B4: SMPN 3 | C4: C | D4: -6.929271 | E4: 107.60519 | F4: =2*6371000*ASIN(SQRT(SIN(RADIANS(D4-'Sources & Method'!$B$28)/2)^2+COS(RADIANS('Sources & Method'!$B$28))*COS(RADIANS(D4))*SIN(RADIANS(E4-'Sources & Method'!$B$29)/2)^2)) -> 10665.472 | G4: 39 | H4: 73 | I4: =IF(G4=0,0,H4/G4) -> 1.8717949 | J4: 89.485 | K4: 91.466 | L4: 80 | M4: 26 | N4: 35 | O4: 14 | P4: ='Sources & Method'!$B$19 -> 0.3 | Q4: =IF(J4>80,NORMSDIST((Calculator!$B$22-J4)/SQRT((0.3*'Sources & Method'!$B$16)^2+'Sources & Method'!$B$17^2)),(1-P4)*NORMSDIST((Calculator!$B$22-(J4+1))/SQRT((0.3*'Sources & Method'!$B$16)^2+'Sources & Method'!$B$18^2))+P4*NORMSDIST((Calculator!$B$22-85)/SQRT((0.3*'Sources & Method'!$B$16)^2+2.5^2))) -> 0.49441096 | R4: =IF(J4>80,NORMSDIST((Calculator!$B$51-J4)/SQRT((0.3*'Sources & Method'!$B$16)^2+'Sources & Method'!$B$17^2)),(1-P4)*NORMSDIST((Calculator!$B$51-(J4+1))/SQRT((0.3*'Sources & Method'!$B$16)^2+'Sources & Method'!$B$18^2))+P4*NORMSDIST((Calculator!$B$51-85)/SQRT((0.3*'Sources & Method'!$B$16)^2+2.5^2))) -> 5.8608253e-56 | S4: =IF(OR(M4=0,O4="",Calculator!$B$25=0),0,IF(Calculator!$B$25>=999,'Sources & Method'!$B$21,MIN('Sources & Method'!$B$21,NORMSDIST((Calculator!$B$25-O4+0.5)/'Sources & Method'!$B$20)))) -> 0 | T4: =IF(OR(M4=0,O4="",Calculator!$B$54=0),0,IF(Calculator!$B$54>=999,'Sources & Method'!$B$21,MIN('Sources & Method'!$B$21,NORMSDIST((Calculator!$B$54-O4+0.5)/'Sources & Method'!$B$20)))) -> 0.97 | U4: =RANK(J4,$J$2:$J$76) -> 12
A5: N4 | B5: SMPN 4 | C5: C | D5: -6.921139 | E5: 107.62598 | F5: =2*6371000*ASIN(SQRT(SIN(RADIANS(D5-'Sources & Method'!$B$28)/2)^2+COS(RADIANS('Sources & Method'!$B$28))*COS(RADIANS(D5))*SIN(RADIANS(E5-'Sources & Method'!$B$29)/2)^2)) -> 8270.109 | G5: 41 | H5: 65 | I5: =IF(G5=0,0,H5/G5) -> 1.5853659 | J5: 87.629 | K5: 89.74 | L5: 76.67 | M5: 28 | N5: 26 | O5: 5 | P5: ='Sources & Method'!$B$19 -> 0.3 | Q5: =IF(J5>80,NORMSDIST((Calculator!$B$22-J5)/SQRT((0.3*'Sources & Method'!$B$16)^2+'Sources & Method'!$B$17^2)),(1-P5)*NORMSDIST((Calculator!$B$22-(J5+1))/SQRT((0.3*'Sources & Method'!$B$16)^2+'Sources & Method'!$B$18^2))+P5*NORMSDIST((Calculator!$B$22-85)/SQRT((0.3*'Sources & Method'!$B$16)^2+2.5^2))) -> 0.74441858 | R5: =IF(J5>80,NORMSDIST((Calculator!$B$51-J5)/SQRT((0.3*'Sources & Method'!$B$16)^2+'Sources & Method'!$B$17^2)),(1-P5)*NORMSDIST((Calculator!$B$51-(J5+1))/SQRT((0.3*'Sources & Method'!$B$16)^2+'Sources & Method'!$B$18^2))+P5*NORMSDIST((Calculator!$B$51-85)/SQRT((0.3*'Sources & Method'!$B$16)^2+2.5^2))) -> 1.8582528e-51 | S5: =IF(OR(M5=0,O5="",Calculator!$B$25=0),0,IF(Calculator!$B$25>=999,'Sources & Method'!$B$21,MIN('Sources & Method'!$B$21,NORMSDIST((Calculator!$B$25-O5+0.5)/'Sources & Method'!$B$20)))) -> 0 | T5: =IF(OR(M5=0,O5="",Calculator!$B$54=0),0,IF(Calculator!$B$54>=999,'Sources & Method'!$B$21,MIN('Sources & Method'!$B$21,NORMSDIST((Calculator!$B$54-O5+0.5)/'Sources & Method'!$B$20)))) -> 0.97 | U5: =RANK(J5,$J$2:$J$76) -> 18
A6: N5 | B6: SMPN 5 | C6: A | D6: -6.914579 | E6: 107.61451 | F6: =2*6371000*ASIN(SQRT(SIN(RADIANS(D6-'Sources & Method'!$B$28)/2)^2+COS(RADIANS('Sources & Method'!$B$28))*COS(RADIANS(D6))*SIN(RADIANS(E6-'Sources & Method'!$B$29)/2)^2)) -> 9493.2076 | G6: 39 | H6: 87 | I6: =IF(G6=0,0,H6/G6) -> 2.2307692 | J6: 93.567 | K6: 94.751 | L6: 88.34 | M6: 26 | N6: 48 | O6: 32 | P6: ='Sources & Method'!$B$19 -> 0.3 | Q6: =IF(J6>80,NORMSDIST((Calculator!$B$22-J6)/SQRT((0.3*'Sources & Method'!$B$16)^2+'Sources & Method'!$B$17^2)),(1-P6)*NORMSDIST((Calculator!$B$22-(J6+1))/SQRT((0.3*'Sources & Method'!$B$16)^2+'Sources & Method'!$B$18^2))+P6*NORMSDIST((Calculator!$B$22-85)/SQRT((0.3*'Sources & Method'!$B$16)^2+2.5^2))) -> 0.068130485 | R6: =IF(J6>80,NORMSDIST((Calculator!$B$51-J6)/SQRT((0.3*'Sources & Method'!$B$16)^2+'Sources & Method'!$B$17^2)),(1-P6)*NORMSDIST((Calculator!$B$51-(J6+1))/SQRT((0.3*'Sources & Method'!$B$16)^2+'Sources & Method'!$B$18^2))+P6*NORMSDIST((Calculator!$B$51-85)/SQRT((0.3*'Sources & Method'!$B$16)^2+2.5^2))) -> 1.5239028e-66 | S6: =IF(OR(M6=0,O6="",Calculator!$B$25=0),0,IF(Calculator!$B$25>=999,'Sources & Method'!$B$21,MIN('Sources & Method'!$B$21,NORMSDIST((Calculator!$B$25-O6+0.5)/'Sources & Method'!$B$20)))) -> 0 | T6: =IF(OR(M6=0,O6="",Calculator!$B$54=0),0,IF(Calculator!$B$54>=999,'Sources & Method'!$B$21,MIN('Sources & Method'!$B$21,NORMSDIST((Calculator!$B$54-O6+0.5)/'Sources & Method'!$B$20)))) -> 0.97 | U6: =RANK(J6,$J$2:$J$76) -> 2
A7: N6 | B7: SMPN 6 | C7: D | D7: -6.91854 | E7: 107.60176 | F7: =2*6371000*ASIN(SQRT(SIN(RADIANS(D7-'Sources & Method'!$B$28)/2)^2+COS(RADIANS('Sources & Method'!$B$28))*COS(RADIANS(D7))*SIN(RADIANS(E7-'Sources & Method'!$B$29)/2)^2)) -> 10913.786 | G7: 62 | H7: 25 | I7: =IF(G7=0,0,H7/G7) -> 0.40322581 | J7: 44.756 | K7: 46.872 | L7: 71.66 | M7: 3 | N7: 1 | O7: 12 | P7: ='Sources & Method'!$B$19 -> 0.3 | Q7: =IF(J7>80,NORMSDIST((Calculator!$B$22-J7)/SQRT((0.3*'Sources & Method'!$B$16)^2+'Sources & Method'!$B$17^2)),(1-P7)*NORMSDIST((Calculator!$B$22-(J7+1))/SQRT((0.3*'Sources & Method'!$B$16)^2+'Sources & Method'!$B$18^2))+P7*NORMSDIST((Calculator!$B$22-85)/SQRT((0.3*'Sources & Method'!$B$16)^2+2.5^2))) -> 0.97401114 | R7: =IF(J7>80,NORMSDIST((Calculator!$B$51-J7)/SQRT((0.3*'Sources & Method'!$B$16)^2+'Sources & Method'!$B$17^2)),(1-P7)*NORMSDIST((Calculator!$B$51-(J7+1))/SQRT((0.3*'Sources & Method'!$B$16)^2+'Sources & Method'!$B$18^2))+P7*NORMSDIST((Calculator!$B$51-85)/SQRT((0.3*'Sources & Method'!$B$16)^2+2.5^2))) -> 0.36982983 | S7: =IF(OR(M7=0,O7="",Calculator!$B$25=0),0,IF(Calculator!$B$25>=999,'Sources & Method'!$B$21,MIN('Sources & Method'!$B$21,NORMSDIST((Calculator!$B$25-O7+0.5)/'Sources & Method'!$B$20)))) -> 0 | T7: =IF(OR(M7=0,O7="",Calculator!$B$54=0),0,IF(Calculator!$B$54>=999,'Sources & Method'!$B$21,MIN('Sources & Method'!$B$21,NORMSDIST((Calculator!$B$54-O7+0.5)/'Sources & Method'!$B$20)))) -> 0.97 | U7: =RANK(J7,$J$2:$J$76) -> 59
A8: N7 | B8: SMPN 7 | C8: A | D8: -6.90706 | E8: 107.61859 | F8: =2*6371000*ASIN(SQRT(SIN(RADIANS(D8-'Sources & Method'!$B$28)/2)^2+COS(RADIANS('Sources & Method'!$B$28))*COS(RADIANS(D8))*SIN(RADIANS(E8-'Sources & Method'!$B$29)/2)^2)) -> 9070.1264 | G8: 39 | H8: 63 | I8: =IF(G8=0,0,H8/G8) -> 1.6153846 | J8: 92.179 | K8: 93.385 | L8: 86.66 | M8: 26 | N8: 48 | O8: 26 | P8: ='Sources & Method'!$B$19 -> 0.3 | Q8: =IF(J8>80,NORMSDIST((Calculator!$B$22-J8)/SQRT((0.3*'Sources & Method'!$B$16)^2+'Sources & Method'!$B$17^2)),(1-P8)*NORMSDIST((Calculator!$B$22-(J8+1))/SQRT((0.3*'Sources & Method'!$B$16)^2+'Sources & Method'!$B$18^2))+P8*NORMSDIST((Calculator!$B$22-85)/SQRT((0.3*'Sources & Method'!$B$16)^2+2.5^2))) -> 0.16156951 | R8: =IF(J8>80,NORMSDIST((Calculator!$B$51-J8)/SQRT((0.3*'Sources & Method'!$B$16)^2+'Sources & Method'!$B$17^2)),(1-P8)*NORMSDIST((Calculator!$B$51-(J8+1))/SQRT((0.3*'Sources & Method'!$B$16)^2+'Sources & Method'!$B$18^2))+P8*NORMSDIST((Calculator!$B$51-85)/SQRT((0.3*'Sources & Method'!$B$16)^2+2.5^2))) -> 7.7255382e-63 | S8: =IF(OR(M8=0,O8="",Calculator!$B$25=0),0,IF(Calculator!$B$25>=999,'Sources & Method'!$B$21,MIN('Sources & Method'!$B$21,NORMSDIST((Calculator!$B$25-O8+0.5)/'Sources & Method'!$B$20)))) -> 0 | T8: =IF(OR(M8=0,O8="",Calculator!$B$54=0),0,IF(Calculator!$B$54>=999,'Sources & Method'!$B$21,MIN('Sources & Method'!$B$21,NORMSDIST((Calculator!$B$54-O8+0.5)/'Sources & Method'!$B$20)))) -> 0.97 | U8: =RANK(J8,$J$2:$J$76) -> 3
A9: N8 | B9: SMPN 8 | C9: B | D9: -6.91247 | E9: 107.70162 | F9: =2*6371000*ASIN(SQRT(SIN(RADIANS(D9-'Sources & Method'!$B$28)/2)^2+COS(RADIANS('Sources & Method'!$B$28))*COS(RADIANS(D9))*SIN(RADIANS(E9-'Sources & Method'!$B$29)/2)^2)) -> 168.12564 | G9: 20 | H9: 55 | I9: =IF(G9=0,0,H9/G9) -> 2.75 | J9: 92.179 | K9: 93.539 | L9: 85 | M9: 13 | N9: 20 | O9: 14 | P9: =MIN(0.6,COUNTIF(INDEX('Report 2023-2025'!$B$2:$D$20,MATCH(A9,'Report 2023-2025'!$A$2:$A$20,0),0),">80")/4*0.6) -> 0.45 | Q9: =IF(J9>80,NORMSDIST((Calculator!$B$22-J9)/SQRT((0.3*'Sources & Method'!$B$16)^2+'Sources & Method'!$B$17^2)),(1-P9)*NORMSDIST((Calculator!$B$22-(J9+1))/SQRT((0.3*'Sources & Method'!$B$16)^2+'Sources & Method'!$B$18^2))+P9*NORMSDIST((Calculator!$B$22-85)/SQRT((0.3*'Sources & Method'!$B$16)^2+2.5^2))) -> 0.16156951 | R9: =IF(J9>80,NORMSDIST((Calculator!$B$51-J9)/SQRT((0.3*'Sources & Method'!$B$16)^2+'Sources & Method'!$B$17^2)),(1-P9)*NORMSDIST((Calculator!$B$51-(J9+1))/SQRT((0.3*'Sources & Method'!$B$16)^2+'Sources & Method'!$B$18^2))+P9*NORMSDIST((Calculator!$B$51-85)/SQRT((0.3*'Sources & Method'!$B$16)^2+2.5^2))) -> 7.7255382e-63 | S9: =IF(OR(M9=0,O9="",Calculator!$B$25=0),0,IF(Calculator!$B$25>=999,'Sources & Method'!$B$21,MIN('Sources & Method'!$B$21,NORMSDIST((Calculator!$B$25-O9+0.5)/'Sources & Method'!$B$20)))) -> 0 | T9: =IF(OR(M9=0,O9="",Calculator!$B$54=0),0,IF(Calculator!$B$54>=999,'Sources & Method'!$B$21,MIN('Sources & Method'!$B$21,NORMSDIST((Calculator!$B$54-O9+0.5)/'Sources & Method'!$B$20)))) -> 0.97 | U9: =RANK(J9,$J$2:$J$76) -> 3
A10: N9 | B10: SMPN 9 | C10: D | D10: -6.908744 | E10: 107.59677 | F10: =2*6371000*ASIN(SQRT(SIN(RADIANS(D10-'Sources & Method'!$B$28)/2)^2+COS(RADIANS('Sources & Method'!$B$28))*COS(RADIANS(D10))*SIN(RADIANS(E10-'Sources & Method'!$B$29)/2)^2)) -> 11463.089 | G10: 48 | H10: 105 | I10: =IF(G10=0,0,H10/G10) -> 2.1875 | J10: 89.138 | K10: 90.707 | L10: 80 | M10: 32 | N10: 36 | O10: 14 | P10: ='Sources & Method'!$B$19 -> 0.3 | Q10: =IF(J10>80,NORMSDIST((Calculator!$B$22-J10)/SQRT((0.3*'Sources & Method'!$B$16)^2+'Sources & Method'!$B$17^2)),(1-P10)*NORMSDIST((Calculator!$B$22-(J10+1))/SQRT((0.3*'Sources & Method'!$B$16)^2+'Sources & Method'!$B$18^2))+P10*NORMSDIST((Calculator!$B$22-85)/SQRT((0.3*'Sources & Method'!$B$16)^2+2.5^2))) -> 0.54436946 | R10: =IF(J10>80,NORMSDIST((Calculator!$B$51-J10)/SQRT((0.3*'Sources & Method'!$B$16)^2+'Sources & Method'!$B$17^2)),(1-P10)*NORMSDIST((Calculator!$B$51-(J10+1))/SQRT((0.3*'Sources & Method'!$B$16)^2+'Sources & Method'!$B$18^2))+P10*NORMSDIST((Calculator!$B$51-85)/SQRT((0.3*'Sources & Method'!$B$16)^2+2.5^2))) -> 4.2101821e-55 | S10: =IF(OR(M10=0,O10="",Calculator!$B$25=0),0,IF(Calculator!$B$25>=999,'Sources & Method'!$B$21,MIN('Sources & Method'!$B$21,NORMSDIST((Calculator!$B$25-O10+0.5)/'Sources & Method'!$B$20)))) -> 0 | T10: =IF(OR(M10=0,O10="",Calculator!$B$54=0),0,IF(Calculator!$B$54>=999,'Sources & Method'!$B$21,MIN('Sources & Method'!$B$21,NORMSDIST((Calculator!$B$54-O10+0.5)/'Sources & Method'!$B$20)))) -> 0.97 | U10: =RANK(J10,$J$2:$J$76) -> 14
A11: N10 | B11: SMPN 10 | C11: C | D11: -6.929169 | E11: 107.60594 | F11: =2*6371000*ASIN(SQRT(SIN(RADIANS(D11-'Sources & Method'!$B$28)/2)^2+COS(RADIANS('Sources & Method'!$B$28))*COS(RADIANS(D11))*SIN(RADIANS(E11-'Sources & Method'!$B$29)/2)^2)) -> 10582.927 | G11: 29 | H11: 29 | I11: =IF(G11=0,0,H11/G11) -> 1 | J11: 86.425 | K11: 87.941 | L11: 73.33 | M11: 20 | N11: 9 | O11: 6 | P11: ='Sources & Method'!$B$19 -> 0.3 | Q11: =IF(J11>80,NORMSDIST((Calculator!$B$22-J11)/SQRT((0.3*'Sources & Method'!$B$16)^2+'Sources & Method'!$B$17^2)),(1-P11)*NORMSDIST((Calculator!$B$22-(J11+1))/SQRT((0.3*'Sources & Method'!$B$16)^2+'Sources & Method'!$B$18^2))+P11*NORMSDIST((Calculator!$B$22-85)/SQRT((0.3*'Sources & Method'!$B$16)^2+2.5^2))) -> 0.86265711 | R11: =IF(J11>80,NORMSDIST((Calculator!$B$51-J11)/SQRT((0.3*'Sources & Method'!$B$16)^2+'Sources & Method'!$B$17^2)),(1-P11)*NORMSDIST((Calculator!$B$51-(J11+1))/SQRT((0.3*'Sources & Method'!$B$16)^2+'Sources & Method'!$B$18^2))+P11*NORMSDIST((Calculator!$B$51-85)/SQRT((0.3*'Sources & Method'!$B$16)^2+2.5^2))) -> 1.2158978e-48 | S11: =IF(OR(M11=0,O11="",Calculator!$B$25=0),0,IF(Calculator!$B$25>=999,'Sources & Method'!$B$21,MIN('Sources & Method'!$B$21,NORMSDIST((Calculator!$B$25-O11+0.5)/'Sources & Method'!$B$20)))) -> 0 | T11: =IF(OR(M11=0,O11="",Calculator!$B$54=0),0,IF(Calculator!$B$54>=999,'Sources & Method'!$B$21,MIN('Sources & Method'!$B$21,NORMSDIST((Calculator!$B$54-O11+0.5)/'Sources & Method'!$B$20)))) -> 0.97 | U11: =RANK(J11,$J$2:$J$76) -> 24
A12: N11 | B12: SMPN 11 | C12: C | D12: -6.934838 | E12: 107.60801 | F12: =2*6371000*ASIN(SQRT(SIN(RADIANS(D12-'Sources & Method'!$B$28)/2)^2+COS(RADIANS('Sources & Method'!$B$28))*COS(RADIANS(D12))*SIN(RADIANS(E12-'Sources & Method'!$B$29)/2)^2)) -> 10481.276 | G12: 44 | H12: 57 | I12: =IF(G12=0,0,H12/G12) -> 1.2954545 | J12: 88.242 | K12: 91.402 | L12: 80 | M12: 29 | N12: 38 | O12: 12 | P12: ='Sources & Method'!$B$19 -> 0.3 | Q12: =IF(J12>80,NORMSDIST((Calculator!$B$22-J12)/SQRT((0.3*'Sources & Method'!$B$16)^2+'Sources & Method'!$B$17^2)),(1-P12)*NORMSDIST((Calculator!$B$22-(J12+1))/SQRT((0.3*'Sources & Method'!$B$16)^2+'Sources & Method'!$B$18^2))+P12*NORMSDIST((Calculator!$B$22-85)/SQRT((0.3*'Sources & Method'!$B$16)^2+2.5^2))) -> 0.66836304 | R12: =IF(J12>80,NORMSDIST((Calculator!$B$51-J12)/SQRT((0.3*'Sources & Method'!$B$16)^2+'Sources & Method'!$B$17^2)),(1-P12)*NORMSDIST((Calculator!$B$51-(J12+1))/SQRT((0.3*'Sources & Method'!$B$16)^2+'Sources & Method'!$B$18^2))+P12*NORMSDIST((Calculator!$B$51-85)/SQRT((0.3*'Sources & Method'!$B$16)^2+2.5^2))) -> 6.3680178e-53 | S12: =IF(OR(M12=0,O12="",Calculator!$B$25=0),0,IF(Calculator!$B$25>=999,'Sources & Method'!$B$21,MIN('Sources & Method'!$B$21,NORMSDIST((Calculator!$B$25-O12+0.5)/'Sources & Method'!$B$20)))) -> 0 | T12: =IF(OR(M12=0,O12="",Calculator!$B$54=0),0,IF(Calculator!$B$54>=999,'Sources & Method'!$B$21,MIN('Sources & Method'!$B$21,NORMSDIST((Calculator!$B$54-O12+0.5)/'Sources & Method'!$B$20)))) -> 0.97 | U12: =RANK(J12,$J$2:$J$76) -> 16
A13: N12 | B13: SMPN 12 | C13: A | D13: -6.865987 | E13: 107.59362 | F13: =2*6371000*ASIN(SQRT(SIN(RADIANS(D13-'Sources & Method'!$B$28)/2)^2+COS(RADIANS('Sources & Method'!$B$28))*COS(RADIANS(D13))*SIN(RADIANS(E13-'Sources & Method'!$B$29)/2)^2)) -> 12927.847 | G13: 34 | H13: 78 | I13: =IF(G13=0,0,H13/G13) -> 2.2941176 | J13: 90.848 | K13: 92.818 | L13: 85 | M13: 23 | N13: 35 | O13: 20 | P13: ='Sources & Method'!$B$19 -> 0.3 | Q13: =IF(J13>80,NORMSDIST((Calculator!$B$22-J13)/SQRT((0.3*'Sources & Method'!$B$16)^2+'Sources & Method'!$B$17^2)),(1-P13)*NORMSDIST((Calculator!$B$22-(J13+1))/SQRT((0.3*'Sources & Method'!$B$16)^2+'Sources & Method'!$B$18^2))+P13*NORMSDIST((Calculator!$B$22-85)/SQRT((0.3*'Sources & Method'!$B$16)^2+2.5^2))) -> 0.30614625 | R13: =IF(J13>80,NORMSDIST((Calculator!$B$51-J13)/SQRT((0.3*'Sources & Method'!$B$16)^2+'Sources & Method'!$B$17^2)),(1-P13)*NORMSDIST((Calculator!$B$51-(J13+1))/SQRT((0.3*'Sources & Method'!$B$16)^2+'Sources & Method'!$B$18^2))+P13*NORMSDIST((Calculator!$B$51-85)/SQRT((0.3*'Sources & Method'!$B$16)^2+2.5^2))) -> 2.1796451e-59 | S13: =IF(OR(M13=0,O13="",Calculator!$B$25=0),0,IF(Calculator!$B$25>=999,'Sources & Method'!$B$21,MIN('Sources & Method'!$B$21,NORMSDIST((Calculator!$B$25-O13+0.5)/'Sources & Method'!$B$20)))) -> 0 | T13: =IF(OR(M13=0,O13="",Calculator!$B$54=0),0,IF(Calculator!$B$54>=999,'Sources & Method'!$B$21,MIN('Sources & Method'!$B$21,NORMSDIST((Calculator!$B$54-O13+0.5)/'Sources & Method'!$B$20)))) -> 0.97 | U13: =RANK(J13,$J$2:$J$76) -> 8
A14: N13 | B14: SMPN 13 | C14: C | D14: -6.935746 | E14: 107.62268 | F14: =2*6371000*ASIN(SQRT(SIN(RADIANS(D14-'Sources & Method'!$B$28)/2)^2+COS(RADIANS('Sources & Method'!$B$28))*COS(RADIANS(D14))*SIN(RADIANS(E14-'Sources & Method'!$B$29)/2)^2)) -> 8939.563 | G14: 44 | H14: 71 | I14: =IF(G14=0,0,H14/G14) -> 1.6136364 | J14: 92 | K14: 93.399 | L14: 85 | M14: 29 | N14: 36 | O14: 24 | P14: ='Sources & Method'!$B$19 -> 0.3 | Q14: =IF(J14>80,NORMSDIST((Calculator!$B$22-J14)/SQRT((0.3*'Sources & Method'!$B$16)^2+'Sources & Method'!$B$17^2)),(1-P14)*NORMSDIST((Calculator!$B$22-(J14+1))/SQRT((0.3*'Sources & Method'!$B$16)^2+'Sources & Method'!$B$18^2))+P14*NORMSDIST((Calculator!$B$22-85)/SQRT((0.3*'Sources & Method'!$B$16)^2+2.5^2))) -> 0.17792277 | R14: =IF(J14>80,NORMSDIST((Calculator!$B$51-J14)/SQRT((0.3*'Sources & Method'!$B$16)^2+'Sources & Method'!$B$17^2)),(1-P14)*NORMSDIST((Calculator!$B$51-(J14+1))/SQRT((0.3*'Sources & Method'!$B$16)^2+'Sources & Method'!$B$18^2))+P14*NORMSDIST((Calculator!$B$51-85)/SQRT((0.3*'Sources & Method'!$B$16)^2+2.5^2))) -> 2.279276e-62 | S14: =IF(OR(M14=0,O14="",Calculator!$B$25=0),0,IF(Calculator!$B$25>=999,'Sources & Method'!$B$21,MIN('Sources & Method'!$B$21,NORMSDIST((Calculator!$B$25-O14+0.5)/'Sources & Method'!$B$20)))) -> 0 | T14: =IF(OR(M14=0,O14="",Calculator!$B$54=0),0,IF(Calculator!$B$54>=999,'Sources & Method'!$B$21,MIN('Sources & Method'!$B$21,NORMSDIST((Calculator!$B$54-O14+0.5)/'Sources & Method'!$B$20)))) -> 0.97 | U14: =RANK(J14,$J$2:$J$76) -> 5
A15: N14 | B15: SMPN 14 | C15: A | D15: -6.9081 | E15: 107.6304 | F15: =2*6371000*ASIN(SQRT(SIN(RADIANS(D15-'Sources & Method'!$B$28)/2)^2+COS(RADIANS('Sources & Method'!$B$28))*COS(RADIANS(D15))*SIN(RADIANS(E15-'Sources & Method'!$B$29)/2)^2)) -> 7761.3945 | G15: 39 | H15: 96 | I15: =IF(G15=0,0,H15/G15) -> 2.4615385 | J15: 91.99 | K15: 93.428 | L15: 85 | M15: 26 | N15: 37 | O15: 22 | P15: ='Sources & Method'!$B$19 -> 0.3 | Q15: =IF(J15>80,NORMSDIST((Calculator!$B$22-J15)/SQRT((0.3*'Sources & Method'!$B$16)^2+'Sources & Method'!$B$17^2)),(1-P15)*NORMSDIST((Calculator!$B$22-(J15+1))/SQRT((0.3*'Sources & Method'!$B$16)^2+'Sources & Method'!$B$18^2))+P15*NORMSDIST((Calculator!$B$22-85)/SQRT((0.3*'Sources & Method'!$B$16)^2+2.5^2))) -> 0.17886615 | R15: =IF(J15>80,NORMSDIST((Calculator!$B$51-J15)/SQRT((0.3*'Sources & Method'!$B$16)^2+'Sources & Method'!$B$17^2)),(1-P15)*NORMSDIST((Calculator!$B$51-(J15+1))/SQRT((0.3*'Sources & Method'!$B$16)^2+'Sources & Method'!$B$18^2))+P15*NORMSDIST((Calculator!$B$51-85)/SQRT((0.3*'Sources & Method'!$B$16)^2+2.5^2))) -> 2.4209904e-62 | S15: =IF(OR(M15=0,O15="",Calculator!$B$25=0),0,IF(Calculator!$B$25>=999,'Sources & Method'!$B$21,MIN('Sources & Method'!$B$21,NORMSDIST((Calculator!$B$25-O15+0.5)/'Sources & Method'!$B$20)))) -> 0 | T15: =IF(OR(M15=0,O15="",Calculator!$B$54=0),0,IF(Calculator!$B$54>=999,'Sources & Method'!$B$21,MIN('Sources & Method'!$B$21,NORMSDIST((Calculator!$B$54-O15+0.5)/'Sources & Method'!$B$20)))) -> 0.97 | U15: =RANK(J15,$J$2:$J$76) -> 6
A16: N15 | B16: SMPN 15 | C16: A | D16: -6.87443 | E16: 107.59568 | F16: =2*6371000*ASIN(SQRT(SIN(RADIANS(D16-'Sources & Method'!$B$28)/2)^2+COS(RADIANS('Sources & Method'!$B$28))*COS(RADIANS(D16))*SIN(RADIANS(E16-'Sources & Method'!$B$29)/2)^2)) -> 12359.853 | G16: 24 | H16: 41 | I16: =IF(G16=0,0,H16/G16) -> 1.7083333 | J16: 87.513 | K16: 89.244 | L16: 76.67 | M16: 16 | N16: 15 | O16: 12 | P16: ='Sources & Method'!$B$19 -> 0.3 | Q16: =IF(J16>80,NORMSDIST((Calculator!$B$22-J16)/SQRT((0.3*'Sources & Method'!$B$16)^2+'Sources & Method'!$B$17^2)),(1-P16)*NORMSDIST((Calculator!$B$22-(J16+1))/SQRT((0.3*'Sources & Method'!$B$16)^2+'Sources & Method'!$B$18^2))+P16*NORMSDIST((Calculator!$B$22-85)/SQRT((0.3*'Sources & Method'!$B$16)^2+2.5^2))) -> 0.75771399 | R16: =IF(J16>80,NORMSDIST((Calculator!$B$51-J16)/SQRT((0.3*'Sources & Method'!$B$16)^2+'Sources & Method'!$B$17^2)),(1-P16)*NORMSDIST((Calculator!$B$51-(J16+1))/SQRT((0.3*'Sources & Method'!$B$16)^2+'Sources & Method'!$B$18^2))+P16*NORMSDIST((Calculator!$B$51-85)/SQRT((0.3*'Sources & Method'!$B$16)^2+2.5^2))) -> 3.4991329e-51 | S16: =IF(OR(M16=0,O16="",Calculator!$B$25=0),0,IF(Calculator!$B$25>=999,'Sources & Method'!$B$21,MIN('Sources & Method'!$B$21,NORMSDIST((Calculator!$B$25-O16+0.5)/'Sources & Method'!$B$20)))) -> 0 | T16: =IF(OR(M16=0,O16="",Calculator!$B$54=0),0,IF(Calculator!$B$54>=999,'Sources & Method'!$B$21,MIN('Sources & Method'!$B$21,NORMSDIST((Calculator!$B$54-O16+0.5)/'Sources & Method'!$B$20)))) -> 0.97 | U16: =RANK(J16,$J$2:$J$76) -> 19
A17: N16 | B17: SMPN 16 | C17: A | D17: -6.899355 | E17: 107.6425 | F17: =2*6371000*ASIN(SQRT(SIN(RADIANS(D17-'Sources & Method'!$B$28)/2)^2+COS(RADIANS('Sources & Method'!$B$28))*COS(RADIANS(D17))*SIN(RADIANS(E17-'Sources & Method'!$B$29)/2)^2)) -> 6592.4447 | G17: 34 | H17: 42 | I17: =IF(G17=0,0,H17/G17) -> 1.2352941 | J17: 86.717 | K17: 88.718 | L17: 75 | M17: 23 | N17: 30 | O17: 14 | P17: ='Sources & Method'!$B$19 -> 0.3 | Q17: =IF(J17>80,NORMSDIST((Calculator!$B$22-J17)/SQRT((0.3*'Sources & Method'!$B$16)^2+'Sources & Method'!$B$17^2)),(1-P17)*NORMSDIST((Calculator!$B$22-(J17+1))/SQRT((0.3*'Sources & Method'!$B$16)^2+'Sources & Method'!$B$18^2))+P17*NORMSDIST((Calculator!$B$22-85)/SQRT((0.3*'Sources & Method'!$B$16)^2+2.5^2))) -> 0.83812044 | R17: =IF(J17>80,NORMSDIST((Calculator!$B$51-J17)/SQRT((0.3*'Sources & Method'!$B$16)^2+'Sources & Method'!$B$17^2)),(1-P17)*NORMSDIST((Calculator!$B$51-(J17+1))/SQRT((0.3*'Sources & Method'!$B$16)^2+'Sources & Method'!$B$18^2))+P17*NORMSDIST((Calculator!$B$51-85)/SQRT((0.3*'Sources & Method'!$B$16)^2+2.5^2))) -> 2.5675726e-49 | S17: =IF(OR(M17=0,O17="",Calculator!$B$25=0),0,IF(Calculator!$B$25>=999,'Sources & Method'!$B$21,MIN('Sources & Method'!$B$21,NORMSDIST((Calculator!$B$25-O17+0.5)/'Sources & Method'!$B$20)))) -> 0 | T17: =IF(OR(M17=0,O17="",Calculator!$B$54=0),0,IF(Calculator!$B$54>=999,'Sources & Method'!$B$21,MIN('Sources & Method'!$B$21,NORMSDIST((Calculator!$B$54-O17+0.5)/'Sources & Method'!$B$20)))) -> 0.97 | U17: =RANK(J17,$J$2:$J$76) -> 21
A18: N17 | B18: SMPN 17 | C18: B | D18: -6.906659 | E18: 107.67271 | F18: =2*6371000*ASIN(SQRT(SIN(RADIANS(D18-'Sources & Method'!$B$28)/2)^2+COS(RADIANS('Sources & Method'!$B$28))*COS(RADIANS(D18))*SIN(RADIANS(E18-'Sources & Method'!$B$29)/2)^2)) -> 3160.7815 | G18: 44 | H18: 101 | I18: =IF(G18=0,0,H18/G18) -> 2.2954545 | J18: 89.87 | K18: 91.269 | L18: 81.66 | M18: 29 | N18: 46 | O18: 14 | P18: =MIN(0.6,COUNTIF(INDEX('Report 2023-2025'!$B$2:$D$20,MATCH(A18,'Report 2023-2025'!$A$2:$A$20,0),0),">80")/4*0.6) -> 0.45 | Q18: =IF(J18>80,NORMSDIST((Calculator!$B$22-J18)/SQRT((0.3*'Sources & Method'!$B$16)^2+'Sources & Method'!$B$17^2)),(1-P18)*NORMSDIST((Calculator!$B$22-(J18+1))/SQRT((0.3*'Sources & Method'!$B$16)^2+'Sources & Method'!$B$18^2))+P18*NORMSDIST((Calculator!$B$22-85)/SQRT((0.3*'Sources & Method'!$B$16)^2+2.5^2))) -> 0.43911747 | R18: =IF(J18>80,NORMSDIST((Calculator!$B$51-J18)/SQRT((0.3*'Sources & Method'!$B$16)^2+'Sources & Method'!$B$17^2)),(1-P18)*NORMSDIST((Calculator!$B$51-(J18+1))/SQRT((0.3*'Sources & Method'!$B$16)^2+'Sources & Method'!$B$18^2))+P18*NORMSDIST((Calculator!$B$51-85)/SQRT((0.3*'Sources & Method'!$B$16)^2+2.5^2))) -> 6.4546196e-57 | S18: =IF(OR(M18=0,O18="",Calculator!$B$25=0),0,IF(Calculator!$B$25>=999,'Sources & Method'!$B$21,MIN('Sources & Method'!$B$21,NORMSDIST((Calculator!$B$25-O18+0.5)/'Sources & Method'!$B$20)))) -> 0 | T18: =IF(OR(M18=0,O18="",Calculator!$B$54=0),0,IF(Calculator!$B$54>=999,'Sources & Method'!$B$21,MIN('Sources & Method'!$B$21,NORMSDIST((Calculator!$B$54-O18+0.5)/'Sources & Method'!$B$20)))) -> 0.97 | U18: =RANK(J18,$J$2:$J$76) -> 9
A19: N18 | B19: SMPN 18 | C19: B | D19: -6.951869 | E19: 107.64169 | F19: =2*6371000*ASIN(SQRT(SIN(RADIANS(D19-'Sources & Method'!$B$28)/2)^2+COS(RADIANS('Sources & Method'!$B$28))*COS(RADIANS(D19))*SIN(RADIANS(E19-'Sources & Method'!$B$29)/2)^2)) -> 7767.9751 | G19: 48 | H19: 49 | I19: =IF(G19=0,0,H19/G19) -> 1.0208333 | J19: 85.59 | K19: 87.926 | L19: 73.34 | M19: 32 | N19: 22 | O19: 10 | P19: =MIN(0.6,COUNTIF(INDEX('Report 2023-2025'!$B$2:$D$20,MATCH(A19,'Report 2023-2025'!$A$2:$A$20,0),0),">80")/4*0.6) -> 0.45 | Q19: =IF(J19>80,NORMSDIST((Calculator!$B$22-J19)/SQRT((0.3*'Sources & Method'!$B$16)^2+'Sources & Method'!$B$17^2)),(1-P19)*NORMSDIST((Calculator!$B$22-(J19+1))/SQRT((0.3*'Sources & Method'!$B$16)^2+'Sources & Method'!$B$18^2))+P19*NORMSDIST((Calculator!$B$22-85)/SQRT((0.3*'Sources & Method'!$B$16)^2+2.5^2))) -> 0.91837594 | R19: =IF(J19>80,NORMSDIST((Calculator!$B$51-J19)/SQRT((0.3*'Sources & Method'!$B$16)^2+'Sources & Method'!$B$17^2)),(1-P19)*NORMSDIST((Calculator!$B$51-(J19+1))/SQRT((0.3*'Sources & Method'!$B$16)^2+'Sources & Method'!$B$18^2))+P19*NORMSDIST((Calculator!$B$51-85)/SQRT((0.3*'Sources & Method'!$B$16)^2+2.5^2))) -> 9.7634007e-47 | S19: =IF(OR(M19=0,O19="",Calculator!$B$25=0),0,IF(Calculator!$B$25>=999,'Sources & Method'!$B$21,MIN('Sources & Method'!$B$21,NORMSDIST((Calculator!$B$25-O19+0.5)/'Sources & Method'!$B$20)))) -> 0 | T19: =IF(OR(M19=0,O19="",Calculator!$B$54=0),0,IF(Calculator!$B$54>=999,'Sources & Method'!$B$21,MIN('Sources & Method'!$B$21,NORMSDIST((Calculator!$B$54-O19+0.5)/'Sources & Method'!$B$20)))) -> 0.97 | U19: =RANK(J19,$J$2:$J$76) -> 27
A20: N19 | B20: SMPN 19 | C20: A | D20: -6.886426 | E20: 107.62206 | F20: =2*6371000*ASIN(SQRT(SIN(RADIANS(D20-'Sources & Method'!$B$28)/2)^2+COS(RADIANS('Sources & Method'!$B$28))*COS(RADIANS(D20))*SIN(RADIANS(E20-'Sources & Method'!$B$29)/2)^2)) -> 9167.0551 | G20: 39 | H20: 39 | I20: =IF(G20=0,0,H20/G20) -> 1 | J20: 81.761 | K20: 86.094 | L20: 68.34 | M20: 26 | N20: 23 | O20: 8 | P20: ='Sources & Method'!$B$19 -> 0.3 | Q20: =IF(J20>80,NORMSDIST((Calculator!$B$22-J20)/SQRT((0.3*'Sources & Method'!$B$16)^2+'Sources & Method'!$B$17^2)),(1-P20)*NORMSDIST((Calculator!$B$22-(J20+1))/SQRT((0.3*'Sources & Method'!$B$16)^2+'Sources & Method'!$B$18^2))+P20*NORMSDIST((Calculator!$B$22-85)/SQRT((0.3*'Sources & Method'!$B$16)^2+2.5^2))) -> 0.99727038 | R20: =IF(J20>80,NORMSDIST((Calculator!$B$51-J20)/SQRT((0.3*'Sources & Method'!$B$16)^2+'Sources & Method'!$B$17^2)),(1-P20)*NORMSDIST((Calculator!$B$51-(J20+1))/SQRT((0.3*'Sources & Method'!$B$16)^2+'Sources & Method'!$B$18^2))+P20*NORMSDIST((Calculator!$B$51-85)/SQRT((0.3*'Sources & Method'!$B$16)^2+2.5^2))) -> 1.6576151e-38 | S20: =IF(OR(M20=0,O20="",Calculator!$B$25=0),0,IF(Calculator!$B$25>=999,'Sources & Method'!$B$21,MIN('Sources & Method'!$B$21,NORMSDIST((Calculator!$B$25-O20+0.5)/'Sources & Method'!$B$20)))) -> 0 | T20: =IF(OR(M20=0,O20="",Calculator!$B$54=0),0,IF(Calculator!$B$54>=999,'Sources & Method'!$B$21,MIN('Sources & Method'!$B$21,NORMSDIST((Calculator!$B$54-O20+0.5)/'Sources & Method'!$B$20)))) -> 0.97 | U20: =RANK(J20,$J$2:$J$76) -> 33
A21: N20 | B21: SMPN 20 | C21: C | D21: -6.9195 | E21: 107.6261 | F21: =2*6371000*ASIN(SQRT(SIN(RADIANS(D21-'Sources & Method'!$B$28)/2)^2+COS(RADIANS('Sources & Method'!$B$28))*COS(RADIANS(D21))*SIN(RADIANS(E21-'Sources & Method'!$B$29)/2)^2)) -> 8239.7528 | G21: 57 | H21: 17 | I21: =IF(G21=0,0,H21/G21) -> 0.29824561 | J21: 48.201 | K21: 73.845 | L21: 75 | M21: 8 | N21: 6 | O21: 4 | P21: ='Sources & Method'!$B$19 -> 0.3 | Q21: =IF(J21>80,NORMSDIST((Calculator!$B$22-J21)/SQRT((0.3*'Sources & Method'!$B$16)^2+'Sources & Method'!$B$17^2)),(1-P21)*NORMSDIST((Calculator!$B$22-(J21+1))/SQRT((0.3*'Sources & Method'!$B$16)^2+'Sources & Method'!$B$18^2))+P21*NORMSDIST((Calculator!$B$22-85)/SQRT((0.3*'Sources & Method'!$B$16)^2+2.5^2))) -> 0.97401114 | R21: =IF(J21>80,NORMSDIST((Calculator!$B$51-J21)/SQRT((0.3*'Sources & Method'!$B$16)^2+'Sources & Method'!$B$17^2)),(1-P21)*NORMSDIST((Calculator!$B$51-(J21+1))/SQRT((0.3*'Sources & Method'!$B$16)^2+'Sources & Method'!$B$18^2))+P21*NORMSDIST((Calculator!$B$51-85)/SQRT((0.3*'Sources & Method'!$B$16)^2+2.5^2))) -> 0.13456579 | S21: =IF(OR(M21=0,O21="",Calculator!$B$25=0),0,IF(Calculator!$B$25>=999,'Sources & Method'!$B$21,MIN('Sources & Method'!$B$21,NORMSDIST((Calculator!$B$25-O21+0.5)/'Sources & Method'!$B$20)))) -> 0 | T21: =IF(OR(M21=0,O21="",Calculator!$B$54=0),0,IF(Calculator!$B$54>=999,'Sources & Method'!$B$21,MIN('Sources & Method'!$B$21,NORMSDIST((Calculator!$B$54-O21+0.5)/'Sources & Method'!$B$20)))) -> 0.97 | U21: =RANK(J21,$J$2:$J$76) -> 40
A22: N21 | B22: SMPN 21 | C22: D | D22: -6.945635 | E22: 107.58019 | F22: =2*6371000*ASIN(SQRT(SIN(RADIANS(D22-'Sources & Method'!$B$28)/2)^2+COS(RADIANS('Sources & Method'!$B$28))*COS(RADIANS(D22))*SIN(RADIANS(E22-'Sources & Method'!$B$29)/2)^2)) -> 13752.888 | G22: 49 | H22: 41 | I22: =IF(G22=0,0,H22/G22) -> 0.83673469 | J22: 47.315 | K22: 80.758 | L22: 75 | M22: 4 | N22: 3 | O22: 8 | P22: ='Sources & Method'!$B$19 -> 0.3 | Q22: =IF(J22>80,NORMSDIST((Calculator!$B$22-J22)/SQRT((0.3*'Sources & Method'!$B$16)^2+'Sources & Method'!$B$17^2)),(1-P22)*NORMSDIST((Calculator!$B$22-(J22+1))/SQRT((0.3*'Sources & Method'!$B$16)^2+'Sources & Method'!$B$18^2))+P22*NORMSDIST((Calculator!$B$22-85)/SQRT((0.3*'Sources & Method'!$B$16)^2+2.5^2))) -> 0.97401114 | R22: =IF(J22>80,NORMSDIST((Calculator!$B$51-J22)/SQRT((0.3*'Sources & Method'!$B$16)^2+'Sources & Method'!$B$17^2)),(1-P22)*NORMSDIST((Calculator!$B$51-(J22+1))/SQRT((0.3*'Sources & Method'!$B$16)^2+'Sources & Method'!$B$18^2))+P22*NORMSDIST((Calculator!$B$51-85)/SQRT((0.3*'Sources & Method'!$B$16)^2+2.5^2))) -> 0.18556181 | S22: =IF(OR(M22=0,O22="",Calculator!$B$25=0),0,IF(Calculator!$B$25>=999,'Sources & Method'!$B$21,MIN('Sources & Method'!$B$21,NORMSDIST((Calculator!$B$25-O22+0.5)/'Sources & Method'!$B$20)))) -> 0 | T22: =IF(OR(M22=0,O22="",Calculator!$B$54=0),0,IF(Calculator!$B$54>=999,'Sources & Method'!$B$21,MIN('Sources & Method'!$B$21,NORMSDIST((Calculator!$B$54-O22+0.5)/'Sources & Method'!$B$20)))) -> 0.97 | U22: =RANK(J22,$J$2:$J$76) -> 43
A23: N22 | B23: SMPN 22 | C23: A | D23: -6.911952 | E23: 107.63386 | F23: =2*6371000*ASIN(SQRT(SIN(RADIANS(D23-'Sources & Method'!$B$28)/2)^2+COS(RADIANS('Sources & Method'!$B$28))*COS(RADIANS(D23))*SIN(RADIANS(E23-'Sources & Method'!$B$29)/2)^2)) -> 7358.398 | G23: 34 | H23: 43 | I23: =IF(G23=0,0,H23/G23) -> 1.2647059 | J23: 87.666 | K23: 89.265 | L23: 75 | M23: 23 | N23: 20 | O23: 12 | P23: ='Sources & Method'!$B$19 -> 0.3 | Q23: =IF(J23>80,NORMSDIST((Calculator!$B$22-J23)/SQRT((0.3*'Sources & Method'!$B$16)^2+'Sources & Method'!$B$17^2)),(1-P23)*NORMSDIST((Calculator!$B$22-(J23+1))/SQRT((0.3*'Sources & Method'!$B$16)^2+'Sources & Method'!$B$18^2))+P23*NORMSDIST((Calculator!$B$22-85)/SQRT((0.3*'Sources & Method'!$B$16)^2+2.5^2))) -> 0.74009903 | R23: =IF(J23>80,NORMSDIST((Calculator!$B$51-J23)/SQRT((0.3*'Sources & Method'!$B$16)^2+'Sources & Method'!$B$17^2)),(1-P23)*NORMSDIST((Calculator!$B$51-(J23+1))/SQRT((0.3*'Sources & Method'!$B$16)^2+'Sources & Method'!$B$18^2))+P23*NORMSDIST((Calculator!$B$51-85)/SQRT((0.3*'Sources & Method'!$B$16)^2+2.5^2))) -> 1.5180124e-51 | S23: =IF(OR(M23=0,O23="",Calculator!$B$25=0),0,IF(Calculator!$B$25>=999,'Sources & Method'!$B$21,MIN('Sources & Method'!$B$21,NORMSDIST((Calculator!$B$25-O23+0.5)/'Sources & Method'!$B$20)))) -> 0 | T23: =IF(OR(M23=0,O23="",Calculator!$B$54=0),0,IF(Calculator!$B$54>=999,'Sources & Method'!$B$21,MIN('Sources & Method'!$B$21,NORMSDIST((Calculator!$B$54-O23+0.5)/'Sources & Method'!$B$20)))) -> 0.97 | U23: =RANK(J23,$J$2:$J$76) -> 17
A24: N23 | B24: SMPN 23 | C24: D | D24: -6.914834 | E24: 107.5896 | F24: =2*6371000*ASIN(SQRT(SIN(RADIANS(D24-'Sources & Method'!$B$28)/2)^2+COS(RADIANS('Sources & Method'!$B$28))*COS(RADIANS(D24))*SIN(RADIANS(E24-'Sources & Method'!$B$29)/2)^2)) -> 12243.067 | G24: 47 | H24: 42 | I24: =IF(G24=0,0,H24/G24) -> 0.89361702 | J24: 45.563 | K24: 74.604 | L24: 70 | M24: 10 | N24: 3 | O24: 8 | P24: ='Sources & Method'!$B$19 -> 0.3 | Q24: =IF(J24>80,NORMSDIST((Calculator!$B$22-J24)/SQRT((0.3*'Sources & Method'!$B$16)^2+'Sources & Method'!$B$17^2)),(1-P24)*NORMSDIST((Calculator!$B$22-(J24+1))/SQRT((0.3*'Sources & Method'!$B$16)^2+'Sources & Method'!$B$18^2))+P24*NORMSDIST((Calculator!$B$22-85)/SQRT((0.3*'Sources & Method'!$B$16)^2+2.5^2))) -> 0.97401114 | R24: =IF(J24>80,NORMSDIST((Calculator!$B$51-J24)/SQRT((0.3*'Sources & Method'!$B$16)^2+'Sources & Method'!$B$17^2)),(1-P24)*NORMSDIST((Calculator!$B$51-(J24+1))/SQRT((0.3*'Sources & Method'!$B$16)^2+'Sources & Method'!$B$18^2))+P24*NORMSDIST((Calculator!$B$51-85)/SQRT((0.3*'Sources & Method'!$B$16)^2+2.5^2))) -> 0.30845953 | S24: =IF(OR(M24=0,O24="",Calculator!$B$25=0),0,IF(Calculator!$B$25>=999,'Sources & Method'!$B$21,MIN('Sources & Method'!$B$21,NORMSDIST((Calculator!$B$25-O24+0.5)/'Sources & Method'!$B$20)))) -> 0 | T24: =IF(OR(M24=0,O24="",Calculator!$B$54=0),0,IF(Calculator!$B$54>=999,'Sources & Method'!$B$21,MIN('Sources & Method'!$B$21,NORMSDIST((Calculator!$B$54-O24+0.5)/'Sources & Method'!$B$20)))) -> 0.97 | U24: =RANK(J24,$J$2:$J$76) -> 53
A25: N24 | B25: SMPN 24 | C25: D | D25: -6.936421 | E25: 107.58661 | F25: =2*6371000*ASIN(SQRT(SIN(RADIANS(D25-'Sources & Method'!$B$28)/2)^2+COS(RADIANS('Sources & Method'!$B$28))*COS(RADIANS(D25))*SIN(RADIANS(E25-'Sources & Method'!$B$29)/2)^2)) -> 12827.034 | G25: 53 | H25: 57 | I25: =IF(G25=0,0,H25/G25) -> 1.0754717 | J25: 48.499 | K25: 86.229 | L25: 70 | M25: 12 | N25: 8 | O25: 4 | P25: ='Sources & Method'!$B$19 -> 0.3 | Q25: =IF(J25>80,NORMSDIST((Calculator!$B$22-J25)/SQRT((0.3*'Sources & Method'!$B$16)^2+'Sources & Method'!$B$17^2)),(1-P25)*NORMSDIST((Calculator!$B$22-(J25+1))/SQRT((0.3*'Sources & Method'!$B$16)^2+'Sources & Method'!$B$18^2))+P25*NORMSDIST((Calculator!$B$22-85)/SQRT((0.3*'Sources & Method'!$B$16)^2+2.5^2))) -> 0.97401114 | R25: =IF(J25>80,NORMSDIST((Calculator!$B$51-J25)/SQRT((0.3*'Sources & Method'!$B$16)^2+'Sources & Method'!$B$17^2)),(1-P25)*NORMSDIST((Calculator!$B$51-(J25+1))/SQRT((0.3*'Sources & Method'!$B$16)^2+'Sources & Method'!$B$18^2))+P25*NORMSDIST((Calculator!$B$51-85)/SQRT((0.3*'Sources & Method'!$B$16)^2+2.5^2))) -> 0.11955087 | S25: =IF(OR(M25=0,O25="",Calculator!$B$25=0),0,IF(Calculator!$B$25>=999,'Sources & Method'!$B$21,MIN('Sources & Method'!$B$21,NORMSDIST((Calculator!$B$25-O25+0.5)/'Sources & Method'!$B$20)))) -> 0 | T25: =IF(OR(M25=0,O25="",Calculator!$B$54=0),0,IF(Calculator!$B$54>=999,'Sources & Method'!$B$21,MIN('Sources & Method'!$B$21,NORMSDIST((Calculator!$B$54-O25+0.5)/'Sources & Method'!$B$20)))) -> 0.97 | U25: =RANK(J25,$J$2:$J$76) -> 39
A26: N25 | B26: SMPN 25 | C26: D | D26: -6.925586 | E26: 107.60092 | F26: =2*6371000*ASIN(SQRT(SIN(RADIANS(D26-'Sources & Method'!$B$28)/2)^2+COS(RADIANS('Sources & Method'!$B$28))*COS(RADIANS(D26))*SIN(RADIANS(E26-'Sources & Method'!$B$29)/2)^2)) -> 11074.098 | G26: 56 | H26: 74 | I26: =IF(G26=0,0,H26/G26) -> 1.3214286 | J26: 85.543 | K26: 87.891 | L26: 73.34 | M26: 17 | N26: 10 | O26: 1 | P26: ='Sources & Method'!$B$19 -> 0.3 | Q26: =IF(J26>80,NORMSDIST((Calculator!$B$22-J26)/SQRT((0.3*'Sources & Method'!$B$16)^2+'Sources & Method'!$B$17^2)),(1-P26)*NORMSDIST((Calculator!$B$22-(J26+1))/SQRT((0.3*'Sources & Method'!$B$16)^2+'Sources & Method'!$B$18^2))+P26*NORMSDIST((Calculator!$B$22-85)/SQRT((0.3*'Sources & Method'!$B$16)^2+2.5^2))) -> 0.92091057 | R26: =IF(J26>80,NORMSDIST((Calculator!$B$51-J26)/SQRT((0.3*'Sources & Method'!$B$16)^2+'Sources & Method'!$B$17^2)),(1-P26)*NORMSDIST((Calculator!$B$51-(J26+1))/SQRT((0.3*'Sources & Method'!$B$16)^2+'Sources & Method'!$B$18^2))+P26*NORMSDIST((Calculator!$B$51-85)/SQRT((0.3*'Sources & Method'!$B$16)^2+2.5^2))) -> 1.2463523e-46 | S26: =IF(OR(M26=0,O26="",Calculator!$B$25=0),0,IF(Calculator!$B$25>=999,'Sources & Method'!$B$21,MIN('Sources & Method'!$B$21,NORMSDIST((Calculator!$B$25-O26+0.5)/'Sources & Method'!$B$20)))) -> 0 | T26: =IF(OR(M26=0,O26="",Calculator!$B$54=0),0,IF(Calculator!$B$54>=999,'Sources & Method'!$B$21,MIN('Sources & Method'!$B$21,NORMSDIST((Calculator!$B$54-O26+0.5)/'Sources & Method'!$B$20)))) -> 0.97 | U26: =RANK(J26,$J$2:$J$76) -> 28
A27: N26 | B27: SMPN 26 | C27: A | D27: -6.882663 | E27: 107.57746 | F27: =2*6371000*ASIN(SQRT(SIN(RADIANS(D27-'Sources & Method'!$B$28)/2)^2+COS(RADIANS('Sources & Method'!$B$28))*COS(RADIANS(D27))*SIN(RADIANS(E27-'Sources & Method'!$B$29)/2)^2)) -> 14008.953 | G27: 55 | H27: 52 | I27: =IF(G27=0,0,H27/G27) -> 0.94545455 | J27: 48.569 | K27: 85.98 | L27: 75 | M27: 10 | N27: 8 | O27: 10 | P27: ='Sources & Method'!$B$19 -> 0.3 | Q27: =IF(J27>80,NORMSDIST((Calculator!$B$22-J27)/SQRT((0.3*'Sources & Method'!$B$16)^2+'Sources & Method'!$B$17^2)),(1-P27)*NORMSDIST((Calculator!$B$22-(J27+1))/SQRT((0.3*'Sources & Method'!$B$16)^2+'Sources & Method'!$B$18^2))+P27*NORMSDIST((Calculator!$B$22-85)/SQRT((0.3*'Sources & Method'!$B$16)^2+2.5^2))) -> 0.97401114 | R27: =IF(J27>80,NORMSDIST((Calculator!$B$51-J27)/SQRT((0.3*'Sources & Method'!$B$16)^2+'Sources & Method'!$B$17^2)),(1-P27)*NORMSDIST((Calculator!$B$51-(J27+1))/SQRT((0.3*'Sources & Method'!$B$16)^2+'Sources & Method'!$B$18^2))+P27*NORMSDIST((Calculator!$B$51-85)/SQRT((0.3*'Sources & Method'!$B$16)^2+2.5^2))) -> 0.11618567 | S27: =IF(OR(M27=0,O27="",Calculator!$B$25=0),0,IF(Calculator!$B$25>=999,'Sources & Method'!$B$21,MIN('Sources & Method'!$B$21,NORMSDIST((Calculator!$B$25-O27+0.5)/'Sources & Method'!$B$20)))) -> 0 | T27: =IF(OR(M27=0,O27="",Calculator!$B$54=0),0,IF(Calculator!$B$54>=999,'Sources & Method'!$B$21,MIN('Sources & Method'!$B$21,NORMSDIST((Calculator!$B$54-O27+0.5)/'Sources & Method'!$B$20)))) -> 0.97 | U27: =RANK(J27,$J$2:$J$76) -> 38
A28: N27 | B28: SMPN 27 | C28: A | D28: -6.905408 | E28: 107.63477 | F28: =2*6371000*ASIN(SQRT(SIN(RADIANS(D28-'Sources & Method'!$B$28)/2)^2+COS(RADIANS('Sources & Method'!$B$28))*COS(RADIANS(D28))*SIN(RADIANS(E28-'Sources & Method'!$B$29)/2)^2)) -> 7311.8885 | G28: 34 | H28: 31 | I28: =IF(G28=0,0,H28/G28) -> 0.91176471 | J28: 85.718 | K28: 88.086 | L28: 73.33 | M28: 23 | N28: 18 | O28: 11 | P28: ='Sources & Method'!$B$19 -> 0.3 | Q28: =IF(J28>80,NORMSDIST((Calculator!$B$22-J28)/SQRT((0.3*'Sources & Method'!$B$16)^2+'Sources & Method'!$B$17^2)),(1-P28)*NORMSDIST((Calculator!$B$22-(J28+1))/SQRT((0.3*'Sources & Method'!$B$16)^2+'Sources & Method'!$B$18^2))+P28*NORMSDIST((Calculator!$B$22-85)/SQRT((0.3*'Sources & Method'!$B$16)^2+2.5^2))) -> 0.91116303 | R28: =IF(J28>80,NORMSDIST((Calculator!$B$51-J28)/SQRT((0.3*'Sources & Method'!$B$16)^2+'Sources & Method'!$B$17^2)),(1-P28)*NORMSDIST((Calculator!$B$51-(J28+1))/SQRT((0.3*'Sources & Method'!$B$16)^2+'Sources & Method'!$B$18^2))+P28*NORMSDIST((Calculator!$B$51-85)/SQRT((0.3*'Sources & Method'!$B$16)^2+2.5^2))) -> 5.0139417e-47 | S28: =IF(OR(M28=0,O28="",Calculator!$B$25=0),0,IF(Calculator!$B$25>=999,'Sources & Method'!$B$21,MIN('Sources & Method'!$B$21,NORMSDIST((Calculator!$B$25-O28+0.5)/'Sources & Method'!$B$20)))) -> 0 | T28: =IF(OR(M28=0,O28="",Calculator!$B$54=0),0,IF(Calculator!$B$54>=999,'Sources & Method'!$B$21,MIN('Sources & Method'!$B$21,NORMSDIST((Calculator!$B$54-O28+0.5)/'Sources & Method'!$B$20)))) -> 0.97 | U28: =RANK(J28,$J$2:$J$76) -> 25
A29: N28 | B29: SMPN 28 | C29: C | D29: -6.937755 | E29: 107.62611 | F29: =2*6371000*ASIN(SQRT(SIN(RADIANS(D29-'Sources & Method'!$B$28)/2)^2+COS(RADIANS('Sources & Method'!$B$28))*COS(RADIANS(D29))*SIN(RADIANS(E29-'Sources & Method'!$B$29)/2)^2)) -> 8642.5927 | G29: 39 | H29: 52 | I29: =IF(G29=0,0,H29/G29) -> 1.3333333 | J29: 89.649 | K29: 90.875 | L29: 80 | M29: 26 | N29: 38 | O29: 14 | P29: ='Sources & Method'!$B$19 -> 0.3 | Q29: =IF(J29>80,NORMSDIST((Calculator!$B$22-J29)/SQRT((0.3*'Sources & Method'!$B$16)^2+'Sources & Method'!$B$17^2)),(1-P29)*NORMSDIST((Calculator!$B$22-(J29+1))/SQRT((0.3*'Sources & Method'!$B$16)^2+'Sources & Method'!$B$18^2))+P29*NORMSDIST((Calculator!$B$22-85)/SQRT((0.3*'Sources & Method'!$B$16)^2+2.5^2))) -> 0.47078194 | R29: =IF(J29>80,NORMSDIST((Calculator!$B$51-J29)/SQRT((0.3*'Sources & Method'!$B$16)^2+'Sources & Method'!$B$17^2)),(1-P29)*NORMSDIST((Calculator!$B$51-(J29+1))/SQRT((0.3*'Sources & Method'!$B$16)^2+'Sources & Method'!$B$18^2))+P29*NORMSDIST((Calculator!$B$51-85)/SQRT((0.3*'Sources & Method'!$B$16)^2+2.5^2))) -> 2.2954238e-56 | S29: =IF(OR(M29=0,O29="",Calculator!$B$25=0),0,IF(Calculator!$B$25>=999,'Sources & Method'!$B$21,MIN('Sources & Method'!$B$21,NORMSDIST((Calculator!$B$25-O29+0.5)/'Sources & Method'!$B$20)))) -> 0 | T29: =IF(OR(M29=0,O29="",Calculator!$B$54=0),0,IF(Calculator!$B$54>=999,'Sources & Method'!$B$21,MIN('Sources & Method'!$B$21,NORMSDIST((Calculator!$B$54-O29+0.5)/'Sources & Method'!$B$20)))) -> 0.97 | U29: =RANK(J29,$J$2:$J$76) -> 11
A30: N29 | B30: SMPN 29 | C30: A | D30: -6.860534 | E30: 107.58603 | F30: =2*6371000*ASIN(SQRT(SIN(RADIANS(D30-'Sources & Method'!$B$28)/2)^2+COS(RADIANS('Sources & Method'!$B$28))*COS(RADIANS(D30))*SIN(RADIANS(E30-'Sources & Method'!$B$29)/2)^2)) -> 13941.218 | G30: 49 | H30: 24 | I30: =IF(G30=0,0,H30/G30) -> 0.48979592 | J30: 45.667 | K30: 81.506 | L30: 70 | M30: 16 | N30: 16 | O30: 10 | P30: ='Sources & Method'!$B$19 -> 0.3 | Q30: =IF(J30>80,NORMSDIST((Calculator!$B$22-J30)/SQRT((0.3*'Sources & Method'!$B$16)^2+'Sources & Method'!$B$17^2)),(1-P30)*NORMSDIST((Calculator!$B$22-(J30+1))/SQRT((0.3*'Sources & Method'!$B$16)^2+'Sources & Method'!$B$18^2))+P30*NORMSDIST((Calculator!$B$22-85)/SQRT((0.3*'Sources & Method'!$B$16)^2+2.5^2))) -> 0.97401114 | R30: =IF(J30>80,NORMSDIST((Calculator!$B$51-J30)/SQRT((0.3*'Sources & Method'!$B$16)^2+'Sources & Method'!$B$17^2)),(1-P30)*NORMSDIST((Calculator!$B$51-(J30+1))/SQRT((0.3*'Sources & Method'!$B$16)^2+'Sources & Method'!$B$18^2))+P30*NORMSDIST((Calculator!$B$51-85)/SQRT((0.3*'Sources & Method'!$B$16)^2+2.5^2))) -> 0.30063411 | S30: =IF(OR(M30=0,O30="",Calculator!$B$25=0),0,IF(Calculator!$B$25>=999,'Sources & Method'!$B$21,MIN('Sources & Method'!$B$21,NORMSDIST((Calculator!$B$25-O30+0.5)/'Sources & Method'!$B$20)))) -> 0 | T30: =IF(OR(M30=0,O30="",Calculator!$B$54=0),0,IF(Calculator!$B$54>=999,'Sources & Method'!$B$21,MIN('Sources & Method'!$B$21,NORMSDIST((Calculator!$B$54-O30+0.5)/'Sources & Method'!$B$20)))) -> 0.97 | U30: =RANK(J30,$J$2:$J$76) -> 51
A31: N30 | B31: SMPN 30 | C31: C | D31: -6.940616 | E31: 107.64478 | F31: =2*6371000*ASIN(SQRT(SIN(RADIANS(D31-'Sources & Method'!$B$28)/2)^2+COS(RADIANS('Sources & Method'!$B$28))*COS(RADIANS(D31))*SIN(RADIANS(E31-'Sources & Method'!$B$29)/2)^2)) -> 6849.5587 | G31: 34 | H31: 61 | I31: =IF(G31=0,0,H31/G31) -> 1.7941176 | J31: 89.194 | K31: 90.581 | L31: 78.34 | M31: 23 | N31: 26 | O31: 10 | P31: ='Sources & Method'!$B$19 -> 0.3 | Q31: =IF(J31>80,NORMSDIST((Calculator!$B$22-J31)/SQRT((0.3*'Sources & Method'!$B$16)^2+'Sources & Method'!$B$17^2)),(1-P31)*NORMSDIST((Calculator!$B$22-(J31+1))/SQRT((0.3*'Sources & Method'!$B$16)^2+'Sources & Method'!$B$18^2))+P31*NORMSDIST((Calculator!$B$22-85)/SQRT((0.3*'Sources & Method'!$B$16)^2+2.5^2))) -> 0.53633363 | R31: =IF(J31>80,NORMSDIST((Calculator!$B$51-J31)/SQRT((0.3*'Sources & Method'!$B$16)^2+'Sources & Method'!$B$17^2)),(1-P31)*NORMSDIST((Calculator!$B$51-(J31+1))/SQRT((0.3*'Sources & Method'!$B$16)^2+'Sources & Method'!$B$18^2))+P31*NORMSDIST((Calculator!$B$51-85)/SQRT((0.3*'Sources & Method'!$B$16)^2+2.5^2))) -> 3.0659304e-55 | S31: =IF(OR(M31=0,O31="",Calculator!$B$25=0),0,IF(Calculator!$B$25>=999,'Sources & Method'!$B$21,MIN('Sources & Method'!$B$21,NORMSDIST((Calculator!$B$25-O31+0.5)/'Sources & Method'!$B$20)))) -> 0 | T31: =IF(OR(M31=0,O31="",Calculator!$B$54=0),0,IF(Calculator!$B$54>=999,'Sources & Method'!$B$21,MIN('Sources & Method'!$B$21,NORMSDIST((Calculator!$B$54-O31+0.5)/'Sources & Method'!$B$20)))) -> 0.97 | U31: =RANK(J31,$J$2:$J$76) -> 13
... A42: N41 | B42: SMPN 41 | C42: D | D42: -6.915342 | E42: 107.59009 | F42: =2*6371000*ASIN(SQRT(SIN(RADIANS(D42-'Sources & Method'!$B$28)/2)^2+COS(RADIANS('Sources & Method'!$B$28))*COS(RADIANS(D42))*SIN(RADIANS(E42-'Sources & Method'!$B$29)/2)^2)) -> 12189.463 | G42: 62 | H42: 56 | I42: =IF(G42=0,0,H42/G42) -> 0.90322581 | J42: 47.117 | K42: 86.073 | L42: 70 | M42: 18 | N42: 15 | O42: 4 | P42: ='Sources & Method'!$B$19 -> 0.3 | Q42: =IF(J42>80,NORMSDIST((Calculator!$B$22-J42)/SQRT((0.3*'Sources & Method'!$B$16)^2+'Sources & Method'!$B$17^2)),(1-P42)*NORMSDIST((Calculator!$B$22-(J42+1))/SQRT((0.3*'Sources & Method'!$B$16)^2+'Sources & Method'!$B$18^2))+P42*NORMSDIST((Calculator!$B$22-85)/SQRT((0.3*'Sources & Method'!$B$16)^2+2.5^2))) -> 0.97401114 | R42: =IF(J42>80,NORMSDIST((Calculator!$B$51-J42)/SQRT((0.3*'Sources & Method'!$B$16)^2+'Sources & Method'!$B$17^2)),(1-P42)*NORMSDIST((Calculator!$B$51-(J42+1))/SQRT((0.3*'Sources & Method'!$B$16)^2+'Sources & Method'!$B$18^2))+P42*NORMSDIST((Calculator!$B$51-85)/SQRT((0.3*'Sources & Method'!$B$16)^2+2.5^2))) -> 0.19816757 | S42: =IF(OR(M42=0,O42="",Calculator!$B$25=0),0,IF(Calculator!$B$25>=999,'Sources & Method'!$B$21,MIN('Sources & Method'!$B$21,NORMSDIST((Calculator!$B$25-O42+0.5)/'Sources & Method'!$B$20)))) -> 0 | T42: =IF(OR(M42=0,O42="",Calculator!$B$54=0),0,IF(Calculator!$B$54>=999,'Sources & Method'!$B$21,MIN('Sources & Method'!$B$21,NORMSDIST((Calculator!$B$54-O42+0.5)/'Sources & Method'!$B$20)))) -> 0.97 | U42: =RANK(J42,$J$2:$J$76) -> 44
A43: N42 | B43: SMPN 42 | C43: B | D43: -6.9575 | E43: 107.6721 | F43: =2*6371000*ASIN(SQRT(SIN(RADIANS(D43-'Sources & Method'!$B$28)/2)^2+COS(RADIANS('Sources & Method'!$B$28))*COS(RADIANS(D43))*SIN(RADIANS(E43-'Sources & Method'!$B$29)/2)^2)) -> 5810.7191 | G43: 69 | H43: 20 | I43: =IF(G43=0,0,H43/G43) -> 0.28985507 | J43: 43.032 | K43: 46.394 | L43: 70 | M43: 4 | N43: 0 | O43: 4 | P43: =MIN(0.6,COUNTIF(INDEX('Report 2023-2025'!$B$2:$D$20,MATCH(A43,'Report 2023-2025'!$A$2:$A$20,0),0),">80")/4*0.6) -> 0 | Q43: =IF(J43>80,NORMSDIST((Calculator!$B$22-J43)/SQRT((0.3*'Sources & Method'!$B$16)^2+'Sources & Method'!$B$17^2)),(1-P43)*NORMSDIST((Calculator!$B$22-(J43+1))/SQRT((0.3*'Sources & Method'!$B$16)^2+'Sources & Method'!$B$18^2))+P43*NORMSDIST((Calculator!$B$22-85)/SQRT((0.3*'Sources & Method'!$B$16)^2+2.5^2))) -> 1 | R43: =IF(J43>80,NORMSDIST((Calculator!$B$51-J43)/SQRT((0.3*'Sources & Method'!$B$16)^2+'Sources & Method'!$B$17^2)),(1-P43)*NORMSDIST((Calculator!$B$51-(J43+1))/SQRT((0.3*'Sources & Method'!$B$16)^2+'Sources & Method'!$B$18^2))+P43*NORMSDIST((Calculator!$B$51-85)/SQRT((0.3*'Sources & Method'!$B$16)^2+2.5^2))) -> 0.70604033 | S43: =IF(OR(M43=0,O43="",Calculator!$B$25=0),0,IF(Calculator!$B$25>=999,'Sources & Method'!$B$21,MIN('Sources & Method'!$B$21,NORMSDIST((Calculator!$B$25-O43+0.5)/'Sources & Method'!$B$20)))) -> 0 | T43: =IF(OR(M43=0,O43="",Calculator!$B$54=0),0,IF(Calculator!$B$54>=999,'Sources & Method'!$B$21,MIN('Sources & Method'!$B$21,NORMSDIST((Calculator!$B$54-O43+0.5)/'Sources & Method'!$B$20)))) -> 0.97 | U43: =RANK(J43,$J$2:$J$76) -> 65
A44: N43 | B44: SMPN 43 | C44: C | D44: -6.925611 | E44: 107.60675 | F44: =2*6371000*ASIN(SQRT(SIN(RADIANS(D44-'Sources & Method'!$B$28)/2)^2+COS(RADIANS('Sources & Method'!$B$28))*COS(RADIANS(D44))*SIN(RADIANS(E44-'Sources & Method'!$B$29)/2)^2)) -> 10436.069 | G44: 44 | H44: 46 | I44: =IF(G44=0,0,H44/G44) -> 1.0454545 | J44: 85.682 | K44: 87.652 | L44: 71.67 | M44: 29 | N44: 27 | O44: 8 | P44: ='Sources & Method'!$B$19 -> 0.3 | Q44: =IF(J44>80,NORMSDIST((Calculator!$B$22-J44)/SQRT((0.3*'Sources & Method'!$B$16)^2+'Sources & Method'!$B$17^2)),(1-P44)*NORMSDIST((Calculator!$B$22-(J44+1))/SQRT((0.3*'Sources & Method'!$B$16)^2+'Sources & Method'!$B$18^2))+P44*NORMSDIST((Calculator!$B$22-85)/SQRT((0.3*'Sources & Method'!$B$16)^2+2.5^2))) -> 0.91323801 | R44: =IF(J44>80,NORMSDIST((Calculator!$B$51-J44)/SQRT((0.3*'Sources & Method'!$B$16)^2+'Sources & Method'!$B$17^2)),(1-P44)*NORMSDIST((Calculator!$B$51-(J44+1))/SQRT((0.3*'Sources & Method'!$B$16)^2+'Sources & Method'!$B$18^2))+P44*NORMSDIST((Calculator!$B$51-85)/SQRT((0.3*'Sources & Method'!$B$16)^2+2.5^2))) -> 6.0488489e-47 | S44: =IF(OR(M44=0,O44="",Calculator!$B$25=0),0,IF(Calculator!$B$25>=999,'Sources & Method'!$B$21,MIN('Sources & Method'!$B$21,NORMSDIST((Calculator!$B$25-O44+0.5)/'Sources & Method'!$B$20)))) -> 0 | T44: =IF(OR(M44=0,O44="",Calculator!$B$54=0),0,IF(Calculator!$B$54>=999,'Sources & Method'!$B$21,MIN('Sources & Method'!$B$21,NORMSDIST((Calculator!$B$54-O44+0.5)/'Sources & Method'!$B$20)))) -> 0.97 | U44: =RANK(J44,$J$2:$J$76) -> 26
A45: N44 | B45: SMPN 44 | C45: A | D45: -6.905228 | E45: 107.62019 | F45: =2*6371000*ASIN(SQRT(SIN(RADIANS(D45-'Sources & Method'!$B$28)/2)^2+COS(RADIANS('Sources & Method'!$B$28))*COS(RADIANS(D45))*SIN(RADIANS(E45-'Sources & Method'!$B$29)/2)^2)) -> 8913.1302 | G45: 34 | H45: 37 | I45: =IF(G45=0,0,H45/G45) -> 1.0882353 | J45: 89.04 | K45: 91.115 | L45: 80 | M45: 23 | N45: 25 | O45: 14 | P45: ='Sources & Method'!$B$19 -> 0.3 | Q45: =IF(J45>80,NORMSDIST((Calculator!$B$22-J45)/SQRT((0.3*'Sources & Method'!$B$16)^2+'Sources & Method'!$B$17^2)),(1-P45)*NORMSDIST((Calculator!$B$22-(J45+1))/SQRT((0.3*'Sources & Method'!$B$16)^2+'Sources & Method'!$B$18^2))+P45*NORMSDIST((Calculator!$B$22-85)/SQRT((0.3*'Sources & Method'!$B$16)^2+2.5^2))) -> 0.55838663 | R45: =IF(J45>80,NORMSDIST((Calculator!$B$51-J45)/SQRT((0.3*'Sources & Method'!$B$16)^2+'Sources & Method'!$B$17^2)),(1-P45)*NORMSDIST((Calculator!$B$51-(J45+1))/SQRT((0.3*'Sources & Method'!$B$16)^2+'Sources & Method'!$B$18^2))+P45*NORMSDIST((Calculator!$B$51-85)/SQRT((0.3*'Sources & Method'!$B$16)^2+2.5^2))) -> 7.3268403e-55 | S45: =IF(OR(M45=0,O45="",Calculator!$B$25=0),0,IF(Calculator!$B$25>=999,'Sources & Method'!$B$21,MIN('Sources & Method'!$B$21,NORMSDIST((Calculator!$B$25-O45+0.5)/'Sources & Method'!$B$20)))) -> 0 | T45: =IF(OR(M45=0,O45="",Calculator!$B$54=0),0,IF(Calculator!$B$54>=999,'Sources & Method'!$B$21,MIN('Sources & Method'!$B$21,NORMSDIST((Calculator!$B$54-O45+0.5)/'Sources & Method'!$B$20)))) -> 0.97 | U45: =RANK(J45,$J$2:$J$76) -> 15
A46: N45 | B46: SMPN 45 | C46: B | D46: -6.922061 | E46: 107.66022 | F46: =2*6371000*ASIN(SQRT(SIN(RADIANS(D46-'Sources & Method'!$B$28)/2)^2+COS(RADIANS('Sources & Method'!$B$28))*COS(RADIANS(D46))*SIN(RADIANS(E46-'Sources & Method'!$B$29)/2)^2)) -> 4547.3024 | G46: 34 | H46: 54 | I46: =IF(G46=0,0,H46/G46) -> 1.5882353 | J46: 87.289 | K46: 88.3 | L46: 75 | M46: 23 | N46: 30 | O46: 14 | P46: =MIN(0.6,COUNTIF(INDEX('Report 2023-2025'!$B$2:$D$20,MATCH(A46,'Report 2023-2025'!$A$2:$A$20,0),0),">80")/4*0.6) -> 0.45 | Q46: =IF(J46>80,NORMSDIST((Calculator!$B$22-J46)/SQRT((0.3*'Sources & Method'!$B$16)^2+'Sources & Method'!$B$17^2)),(1-P46)*NORMSDIST((Calculator!$B$22-(J46+1))/SQRT((0.3*'Sources & Method'!$B$16)^2+'Sources & Method'!$B$18^2))+P46*NORMSDIST((Calculator!$B$22-85)/SQRT((0.3*'Sources & Method'!$B$16)^2+2.5^2))) -> 0.78229143 | R46: =IF(J46>80,NORMSDIST((Calculator!$B$51-J46)/SQRT((0.3*'Sources & Method'!$B$16)^2+'Sources & Method'!$B$17^2)),(1-P46)*NORMSDIST((Calculator!$B$51-(J46+1))/SQRT((0.3*'Sources & Method'!$B$16)^2+'Sources & Method'!$B$18^2))+P46*NORMSDIST((Calculator!$B$51-85)/SQRT((0.3*'Sources & Method'!$B$16)^2+2.5^2))) -> 1.1818538e-50 | S46: =IF(OR(M46=0,O46="",Calculator!$B$25=0),0,IF(Calculator!$B$25>=999,'Sources & Method'!$B$21,MIN('Sources & Method'!$B$21,NORMSDIST((Calculator!$B$25-O46+0.5)/'Sources & Method'!$B$20)))) -> 0 | T46: =IF(OR(M46=0,O46="",Calculator!$B$54=0),0,IF(Calculator!$B$54>=999,'Sources & Method'!$B$21,MIN('Sources & Method'!$B$21,NORMSDIST((Calculator!$B$54-O46+0.5)/'Sources & Method'!$B$20)))) -> 0.97 | U46: =RANK(J46,$J$2:$J$76) -> 20
A47: N46 | B47: SMPN 46 | C47: B | D47: -6.915635 | E47: 107.72482 | F47: =2*6371000*ASIN(SQRT(SIN(RADIANS(D47-'Sources & Method'!$B$28)/2)^2+COS(RADIANS('Sources & Method'!$B$28))*COS(RADIANS(D47))*SIN(RADIANS(E47-'Sources & Method'!$B$29)/2)^2)) -> 2695.0683 | G47: 47 | H47: 66 | I47: =IF(G47=0,0,H47/G47) -> 1.4042553 | J47: 86.699 | K47: 89.66 | L47: 76.66 | M47: 26 | N47: 21 | O47: 1 | P47: =MIN(0.6,COUNTIF(INDEX('Report 2023-2025'!$B$2:$D$20,MATCH(A47,'Report 2023-2025'!$A$2:$A$20,0),0),">80")/4*0.6) -> 0.3 | Q47: =IF(J47>80,NORMSDIST((Calculator!$B$22-J47)/SQRT((0.3*'Sources & Method'!$B$16)^2+'Sources & Method'!$B$17^2)),(1-P47)*NORMSDIST((Calculator!$B$22-(J47+1))/SQRT((0.3*'Sources & Method'!$B$16)^2+'Sources & Method'!$B$18^2))+P47*NORMSDIST((Calculator!$B$22-85)/SQRT((0.3*'Sources & Method'!$B$16)^2+2.5^2))) -> 0.83971088 | R47: =IF(J47>80,NORMSDIST((Calculator!$B$51-J47)/SQRT((0.3*'Sources & Method'!$B$16)^2+'Sources & Method'!$B$17^2)),(1-P47)*NORMSDIST((Calculator!$B$51-(J47+1))/SQRT((0.3*'Sources & Method'!$B$16)^2+'Sources & Method'!$B$18^2))+P47*NORMSDIST((Calculator!$B$51-85)/SQRT((0.3*'Sources & Method'!$B$16)^2+2.5^2))) -> 2.8267979e-49 | S47: =IF(OR(M47=0,O47="",Calculator!$B$25=0),0,IF(Calculator!$B$25>=999,'Sources & Method'!$B$21,MIN('Sources & Method'!$B$21,NORMSDIST((Calculator!$B$25-O47+0.5)/'Sources & Method'!$B$20)))) -> 0 | T47: =IF(OR(M47=0,O47="",Calculator!$B$54=0),0,IF(Calculator!$B$54>=999,'Sources & Method'!$B$21,MIN('Sources & Method'!$B$21,NORMSDIST((Calculator!$B$54-O47+0.5)/'Sources & Method'!$B$20)))) -> 0.97 | U47: =RANK(J47,$J$2:$J$76) -> 22
A48: N47 | B48: SMPN 47 | C48: D | D48: -6.889746 | E48: 107.55866 | F48: =2*6371000*ASIN(SQRT(SIN(RADIANS(D48-'Sources & Method'!$B$28)/2)^2+COS(RADIANS('Sources & Method'!$B$28))*COS(RADIANS(D48))*SIN(RADIANS(E48-'Sources & Method'!$B$29)/2)^2)) -> 15879.045 | G48: 50 | H48: 60 | I48: =IF(G48=0,0,H48/G48) -> 1.2 | J48: 47.319 | K48: 84.839 | L48: 73.34 | M48: 15 | N48: 12 | O48: 4 | P48: ='Sources & Method'!$B$19 -> 0.3 | Q48: =IF(J48>80,NORMSDIST((Calculator!$B$22-J48)/SQRT((0.3*'Sources & Method'!$B$16)^2+'Sources & Method'!$B$17^2)),(1-P48)*NORMSDIST((Calculator!$B$22-(J48+1))/SQRT((0.3*'Sources & Method'!$B$16)^2+'Sources & Method'!$B$18^2))+P48*NORMSDIST((Calculator!$B$22-85)/SQRT((0.3*'Sources & Method'!$B$16)^2+2.5^2))) -> 0.97401114 | R48: =IF(J48>80,NORMSDIST((Calculator!$B$51-J48)/SQRT((0.3*'Sources & Method'!$B$16)^2+'Sources & Method'!$B$17^2)),(1-P48)*NORMSDIST((Calculator!$B$51-(J48+1))/SQRT((0.3*'Sources & Method'!$B$16)^2+'Sources & Method'!$B$18^2))+P48*NORMSDIST((Calculator!$B$51-85)/SQRT((0.3*'Sources & Method'!$B$16)^2+2.5^2))) -> 0.18531141 | S48: =IF(OR(M48=0,O48="",Calculator!$B$25=0),0,IF(Calculator!$B$25>=999,'Sources & Method'!$B$21,MIN('Sources & Method'!$B$21,NORMSDIST((Calculator!$B$25-O48+0.5)/'Sources & Method'!$B$20)))) -> 0 | T48: =IF(OR(M48=0,O48="",Calculator!$B$54=0),0,IF(Calculator!$B$54>=999,'Sources & Method'!$B$21,MIN('Sources & Method'!$B$21,NORMSDIST((Calculator!$B$54-O48+0.5)/'Sources & Method'!$B$20)))) -> 0.97 | U48: =RANK(J48,$J$2:$J$76) -> 42
A49: N48 | B49: SMPN 48 | C49: B | D49: -6.965953 | E49: 107.66617 | F49: =2*6371000*ASIN(SQRT(SIN(RADIANS(D49-'Sources & Method'!$B$28)/2)^2+COS(RADIANS('Sources & Method'!$B$28))*COS(RADIANS(D49))*SIN(RADIANS(E49-'Sources & Method'!$B$29)/2)^2)) -> 6955.0826 | G49: 58 | H49: 72 | I49: =IF(G49=0,0,H49/G49) -> 1.2413793 | J49: 48.863 | K49: 77.8 | L49: 76.66 | M49: 15 | N49: 6 | O49: 4 | P49: =MIN(0.6,COUNTIF(INDEX('Report 2023-2025'!$B$2:$D$20,MATCH(A49,'Report 2023-2025'!$A$2:$A$20,0),0),">80")/4*0.6) -> 0.15 | Q49: =IF(J49>80,NORMSDIST((Calculator!$B$22-J49)/SQRT((0.3*'Sources & Method'!$B$16)^2+'Sources & Method'!$B$17^2)),(1-P49)*NORMSDIST((Calculator!$B$22-(J49+1))/SQRT((0.3*'Sources & Method'!$B$16)^2+'Sources & Method'!$B$18^2))+P49*NORMSDIST((Calculator!$B$22-85)/SQRT((0.3*'Sources & Method'!$B$16)^2+2.5^2))) -> 0.98700557 | R49: =IF(J49>80,NORMSDIST((Calculator!$B$51-J49)/SQRT((0.3*'Sources & Method'!$B$16)^2+'Sources & Method'!$B$17^2)),(1-P49)*NORMSDIST((Calculator!$B$51-(J49+1))/SQRT((0.3*'Sources & Method'!$B$16)^2+'Sources & Method'!$B$18^2))+P49*NORMSDIST((Calculator!$B$51-85)/SQRT((0.3*'Sources & Method'!$B$16)^2+2.5^2))) -> 0.12474031 | S49: =IF(OR(M49=0,O49="",Calculator!$B$25=0),0,IF(Calculator!$B$25>=999,'Sources & Method'!$B$21,MIN('Sources & Method'!$B$21,NORMSDIST((Calculator!$B$25-O49+0.5)/'Sources & Method'!$B$20)))) -> 0 | T49: =IF(OR(M49=0,O49="",Calculator!$B$54=0),0,IF(Calculator!$B$54>=999,'Sources & Method'!$B$21,MIN('Sources & Method'!$B$21,NORMSDIST((Calculator!$B$54-O49+0.5)/'Sources & Method'!$B$20)))) -> 0.97 | U49: =RANK(J49,$J$2:$J$76) -> 37
A50: N49 | B50: SMPN 49 | C50: B | D50: -6.9074 | E50: 107.6582 | F50: =2*6371000*ASIN(SQRT(SIN(RADIANS(D50-'Sources & Method'!$B$28)/2)^2+COS(RADIANS('Sources & Method'!$B$28))*COS(RADIANS(D50))*SIN(RADIANS(E50-'Sources & Method'!$B$29)/2)^2)) -> 4718.3842 | G50: 44 | H50: 52 | I50: =IF(G50=0,0,H50/G50) -> 1.1818182 | J50: 84.73 | K50: 87.607 | L50: 71.67 | M50: 29 | N50: 29 | O50: 14 | P50: =MIN(0.6,COUNTIF(INDEX('Report 2023-2025'!$B$2:$D$20,MATCH(A50,'Report 2023-2025'!$A$2:$A$20,0),0),">80")/4*0.6) -> 0.3 | Q50: =IF(J50>80,NORMSDIST((Calculator!$B$22-J50)/SQRT((0.3*'Sources & Method'!$B$16)^2+'Sources & Method'!$B$17^2)),(1-P50)*NORMSDIST((Calculator!$B$22-(J50+1))/SQRT((0.3*'Sources & Method'!$B$16)^2+'Sources & Method'!$B$18^2))+P50*NORMSDIST((Calculator!$B$22-85)/SQRT((0.3*'Sources & Method'!$B$16)^2+2.5^2))) -> 0.95591806 | R50: =IF(J50>80,NORMSDIST((Calculator!$B$51-J50)/SQRT((0.3*'Sources & Method'!$B$16)^2+'Sources & Method'!$B$17^2)),(1-P50)*NORMSDIST((Calculator!$B$51-(J50+1))/SQRT((0.3*'Sources & Method'!$B$16)^2+'Sources & Method'!$B$18^2))+P50*NORMSDIST((Calculator!$B$51-85)/SQRT((0.3*'Sources & Method'!$B$16)^2+2.5^2))) -> 8.1311428e-45 | S50: =IF(OR(M50=0,O50="",Calculator!$B$25=0),0,IF(Calculator!$B$25>=999,'Sources & Method'!$B$21,MIN('Sources & Method'!$B$21,NORMSDIST((Calculator!$B$25-O50+0.5)/'Sources & Method'!$B$20)))) -> 0 | T50: =IF(OR(M50=0,O50="",Calculator!$B$54=0),0,IF(Calculator!$B$54>=999,'Sources & Method'!$B$21,MIN('Sources & Method'!$B$21,NORMSDIST((Calculator!$B$54-O50+0.5)/'Sources & Method'!$B$20)))) -> 0.97 | U50: =RANK(J50,$J$2:$J$76) -> 31
A51: N50 | B51: SMPN 50 | C51: B | D51: -6.907382 | E51: 107.69732 | F51: =2*6371000*ASIN(SQRT(SIN(RADIANS(D51-'Sources & Method'!$B$28)/2)^2+COS(RADIANS('Sources & Method'!$B$28))*COS(RADIANS(D51))*SIN(RADIANS(E51-'Sources & Method'!$B$29)/2)^2)) -> 765.72076 | G51: 44 | H51: 36 | I51: =IF(G51=0,0,H51/G51) -> 0.81818182 | J51: 86.567 | K51: 89.321 | L51: 78.33 | M51: 29 | N51: 24 | O51: 8 | P51: =MIN(0.6,COUNTIF(INDEX('Report 2023-2025'!$B$2:$D$20,MATCH(A51,'Report 2023-2025'!$A$2:$A$20,0),0),">80")/4*0.6) -> 0.45 | Q51: =IF(J51>80,NORMSDIST((Calculator!$B$22-J51)/SQRT((0.3*'Sources & Method'!$B$16)^2+'Sources & Method'!$B$17^2)),(1-P51)*NORMSDIST((Calculator!$B$22-(J51+1))/SQRT((0.3*'Sources & Method'!$B$16)^2+'Sources & Method'!$B$18^2))+P51*NORMSDIST((Calculator!$B$22-85)/SQRT((0.3*'Sources & Method'!$B$16)^2+2.5^2))) -> 0.85106107 | R51: =IF(J51>80,NORMSDIST((Calculator!$B$51-J51)/SQRT((0.3*'Sources & Method'!$B$16)^2+'Sources & Method'!$B$17^2)),(1-P51)*NORMSDIST((Calculator!$B$51-(J51+1))/SQRT((0.3*'Sources & Method'!$B$16)^2+'Sources & Method'!$B$18^2))+P51*NORMSDIST((Calculator!$B$51-85)/SQRT((0.3*'Sources & Method'!$B$16)^2+2.5^2))) -> 5.7156216e-49 | S51: =IF(OR(M51=0,O51="",Calculator!$B$25=0),0,IF(Calculator!$B$25>=999,'Sources & Method'!$B$21,MIN('Sources & Method'!$B$21,NORMSDIST((Calculator!$B$25-O51+0.5)/'Sources & Method'!$B$20)))) -> 0 | T51: =IF(OR(M51=0,O51="",Calculator!$B$54=0),0,IF(Calculator!$B$54>=999,'Sources & Method'!$B$21,MIN('Sources & Method'!$B$21,NORMSDIST((Calculator!$B$54-O51+0.5)/'Sources & Method'!$B$20)))) -> 0.97 | U51: =RANK(J51,$J$2:$J$76) -> 23
A52: N51 | B52: SMPN 51 | C52: B | D52: -6.96534 | E52: 107.68042 | F52: =2*6371000*ASIN(SQRT(SIN(RADIANS(D52-'Sources & Method'!$B$28)/2)^2+COS(RADIANS('Sources & Method'!$B$28))*COS(RADIANS(D52))*SIN(RADIANS(E52-'Sources & Method'!$B$29)/2)^2)) -> 6175.9393 | G52: 48 | H52: 89 | I52: =IF(G52=0,0,H52/G52) -> 1.8541667 | J52: 84.848 | K52: 88.082 | L52: 73.34 | M52: 32 | N52: 40 | O52: 10 | P52: =MIN(0.6,COUNTIF(INDEX('Report 2023-2025'!$B$2:$D$20,MATCH(A52,'Report 2023-2025'!$A$2:$A$20,0),0),">80")/4*0.6) -> 0.3 | Q52: =IF(J52>80,NORMSDIST((Calculator!$B$22-J52)/SQRT((0.3*'Sources & Method'!$B$16)^2+'Sources & Method'!$B$17^2)),(1-P52)*NORMSDIST((Calculator!$B$22-(J52+1))/SQRT((0.3*'Sources & Method'!$B$16)^2+'Sources & Method'!$B$18^2))+P52*NORMSDIST((Calculator!$B$22-85)/SQRT((0.3*'Sources & Method'!$B$16)^2+2.5^2))) -> 0.9517938 | R52: =IF(J52>80,NORMSDIST((Calculator!$B$51-J52)/SQRT((0.3*'Sources & Method'!$B$16)^2+'Sources & Method'!$B$17^2)),(1-P52)*NORMSDIST((Calculator!$B$51-(J52+1))/SQRT((0.3*'Sources & Method'!$B$16)^2+'Sources & Method'!$B$18^2))+P52*NORMSDIST((Calculator!$B$51-85)/SQRT((0.3*'Sources & Method'!$B$16)^2+2.5^2))) -> 4.4576645e-45 | S52: =IF(OR(M52=0,O52="",Calculator!$B$25=0),0,IF(Calculator!$B$25>=999,'Sources & Method'!$B$21,MIN('Sources & Method'!$B$21,NORMSDIST((Calculator!$B$25-O52+0.5)/'Sources & Method'!$B$20)))) -> 0 | T52: =IF(OR(M52=0,O52="",Calculator!$B$54=0),0,IF(Calculator!$B$54>=999,'Sources & Method'!$B$21,MIN('Sources & Method'!$B$21,NORMSDIST((Calculator!$B$54-O52+0.5)/'Sources & Method'!$B$20)))) -> 0.97 | U52: =RANK(J52,$J$2:$J$76) -> 30
A53: N52 | B53: SMPN 52 | C53: A | D53: -6.8607 | E53: 107.6065 | F53: =2*6371000*ASIN(SQRT(SIN(RADIANS(D53-'Sources & Method'!$B$28)/2)^2+COS(RADIANS('Sources & Method'!$B$28))*COS(RADIANS(D53))*SIN(RADIANS(E53-'Sources & Method'!$B$29)/2)^2)) -> 11922.66 | G53: 62 | H53: 32 | I53: =IF(G53=0,0,H53/G53) -> 0.51612903 | J53: 41.711 | K53: 44.952 | L53: 65 | M53: 3 | N53: 1 | O53: 5 | P53: ='Sources & Method'!$B$19 -> 0.3 | Q53: =IF(J53>80,NORMSDIST((Calculator!$B$22-J53)/SQRT((0.3*'Sources & Method'!$B$16)^2+'Sources & Method'!$B$17^2)),(1-P53)*NORMSDIST((Calculator!$B$22-(J53+1))/SQRT((0.3*'Sources & Method'!$B$16)^2+'Sources & Method'!$B$18^2))+P53*NORMSDIST((Calculator!$B$22-85)/SQRT((0.3*'Sources & Method'!$B$16)^2+2.5^2))) -> 0.97401114 | R53: =IF(J53>80,NORMSDIST((Calculator!$B$51-J53)/SQRT((0.3*'Sources & Method'!$B$16)^2+'Sources & Method'!$B$17^2)),(1-P53)*NORMSDIST((Calculator!$B$51-(J53+1))/SQRT((0.3*'Sources & Method'!$B$16)^2+'Sources & Method'!$B$18^2))+P53*NORMSDIST((Calculator!$B$51-85)/SQRT((0.3*'Sources & Method'!$B$16)^2+2.5^2))) -> 0.57163953 | S53: =IF(OR(M53=0,O53="",Calculator!$B$25=0),0,IF(Calculator!$B$25>=999,'Sources & Method'!$B$21,MIN('Sources & Method'!$B$21,NORMSDIST((Calculator!$B$25-O53+0.5)/'Sources & Method'!$B$20)))) -> 0 | T53: =IF(OR(M53=0,O53="",Calculator!$B$54=0),0,IF(Calculator!$B$54>=999,'Sources & Method'!$B$21,MIN('Sources & Method'!$B$21,NORMSDIST((Calculator!$B$54-O53+0.5)/'Sources & Method'!$B$20)))) -> 0.97 | U53: =RANK(J53,$J$2:$J$76) -> 69
A54: N53 | B54: SMPN 53 | C54: B | D54: -6.899147 | E54: 107.68062 | F54: =2*6371000*ASIN(SQRT(SIN(RADIANS(D54-'Sources & Method'!$B$28)/2)^2+COS(RADIANS('Sources & Method'!$B$28))*COS(RADIANS(D54))*SIN(RADIANS(E54-'Sources & Method'!$B$29)/2)^2)) -> 2713.5839 | G54: 44 | H54: 15 | I54: =IF(G54=0,0,H54/G54) -> 0.34090909 | J54: 45.128 | K54: 68.495 | L54: 70 | M54: 13 | N54: 7 | O54: 4 | P54: =MIN(0.6,COUNTIF(INDEX('Report 2023-2025'!$B$2:$D$20,MATCH(A54,'Report 2023-2025'!$A$2:$A$20,0),0),">80")/4*0.6) -> 0.3 | Q54: =IF(J54>80,NORMSDIST((Calculator!$B$22-J54)/SQRT((0.3*'Sources & Method'!$B$16)^2+'Sources & Method'!$B$17^2)),(1-P54)*NORMSDIST((Calculator!$B$22-(J54+1))/SQRT((0.3*'Sources & Method'!$B$16)^2+'Sources & Method'!$B$18^2))+P54*NORMSDIST((Calculator!$B$22-85)/SQRT((0.3*'Sources & Method'!$B$16)^2+2.5^2))) -> 0.97401114 | R54: =IF(J54>80,NORMSDIST((Calculator!$B$51-J54)/SQRT((0.3*'Sources & Method'!$B$16)^2+'Sources & Method'!$B$17^2)),(1-P54)*NORMSDIST((Calculator!$B$51-(J54+1))/SQRT((0.3*'Sources & Method'!$B$16)^2+'Sources & Method'!$B$18^2))+P54*NORMSDIST((Calculator!$B$51-85)/SQRT((0.3*'Sources & Method'!$B$16)^2+2.5^2))) -> 0.34147933 | S54: =IF(OR(M54=0,O54="",Calculator!$B$25=0),0,IF(Calculator!$B$25>=999,'Sources & Method'!$B$21,MIN('Sources & Method'!$B$21,NORMSDIST((Calculator!$B$25-O54+0.5)/'Sources & Method'!$B$20)))) -> 0 | T54: =IF(OR(M54=0,O54="",Calculator!$B$54=0),0,IF(Calculator!$B$54>=999,'Sources & Method'!$B$21,MIN('Sources & Method'!$B$21,NORMSDIST((Calculator!$B$54-O54+0.5)/'Sources & Method'!$B$20)))) -> 0.97 | U54: =RANK(J54,$J$2:$J$76) -> 57
A55: N54 | B55: SMPN 54 | C55: B | D55: -6.958107 | E55: 107.70641 | F55: =2*6371000*ASIN(SQRT(SIN(RADIANS(D55-'Sources & Method'!$B$28)/2)^2+COS(RADIANS('Sources & Method'!$B$28))*COS(RADIANS(D55))*SIN(RADIANS(E55-'Sources & Method'!$B$29)/2)^2)) -> 5002.7872 | G55: 58 | H55: 34 | I55: =IF(G55=0,0,H55/G55) -> 0.5862069 | J55: 38.162 | K55: 47.027 | L55: 61.67 | M55: 7 | N55: 3 | O55: 6 | P55: =MIN(0.6,COUNTIF(INDEX('Report 2023-2025'!$B$2:$D$20,MATCH(A55,'Report 2023-2025'!$A$2:$A$20,0),0),">80")/4*0.6) -> 0 | Q55: =IF(J55>80,NORMSDIST((Calculator!$B$22-J55)/SQRT((0.3*'Sources & Method'!$B$16)^2+'Sources & Method'!$B$17^2)),(1-P55)*NORMSDIST((Calculator!$B$22-(J55+1))/SQRT((0.3*'Sources & Method'!$B$16)^2+'Sources & Method'!$B$18^2))+P55*NORMSDIST((Calculator!$B$22-85)/SQRT((0.3*'Sources & Method'!$B$16)^2+2.5^2))) -> 1 | R55: =IF(J55>80,NORMSDIST((Calculator!$B$51-J55)/SQRT((0.3*'Sources & Method'!$B$16)^2+'Sources & Method'!$B$17^2)),(1-P55)*NORMSDIST((Calculator!$B$51-(J55+1))/SQRT((0.3*'Sources & Method'!$B$16)^2+'Sources & Method'!$B$18^2))+P55*NORMSDIST((Calculator!$B$51-85)/SQRT((0.3*'Sources & Method'!$B$16)^2+2.5^2))) -> 0.96937872 | S55: =IF(OR(M55=0,O55="",Calculator!$B$25=0),0,IF(Calculator!$B$25>=999,'Sources & Method'!$B$21,MIN('Sources & Method'!$B$21,NORMSDIST((Calculator!$B$25-O55+0.5)/'Sources & Method'!$B$20)))) -> 0 | T55: =IF(OR(M55=0,O55="",Calculator!$B$54=0),0,IF(Calculator!$B$54>=999,'Sources & Method'!$B$21,MIN('Sources & Method'!$B$21,NORMSDIST((Calculator!$B$54-O55+0.5)/'Sources & Method'!$B$20)))) -> 0.97 | U55: =RANK(J55,$J$2:$J$76) -> 73
A56: N55 | B56: SMPN 55 | C56: D | D56: -6.940357 | E56: 107.55768 | F56: =2*6371000*ASIN(SQRT(SIN(RADIANS(D56-'Sources & Method'!$B$28)/2)^2+COS(RADIANS('Sources & Method'!$B$28))*COS(RADIANS(D56))*SIN(RADIANS(E56-'Sources & Method'!$B$29)/2)^2)) -> 16045.411 | G56: 46 | H56: 27 | I56: =IF(G56=0,0,H56/G56) -> 0.58695652 | J56: 30.95 | K56: 42.008 | L56: 60 | M56: 3 | N56: 3 | O56: 6 | P56: ='Sources & Method'!$B$19 -> 0.3 | Q56: =IF(J56>80,NORMSDIST((Calculator!$B$22-J56)/SQRT((0.3*'Sources & Method'!$B$16)^2+'Sources & Method'!$B$17^2)),(1-P56)*NORMSDIST((Calculator!$B$22-(J56+1))/SQRT((0.3*'Sources & Method'!$B$16)^2+'Sources & Method'!$B$18^2))+P56*NORMSDIST((Calculator!$B$22-85)/SQRT((0.3*'Sources & Method'!$B$16)^2+2.5^2))) -> 0.97401114 | R56: =IF(J56>80,NORMSDIST((Calculator!$B$51-J56)/SQRT((0.3*'Sources & Method'!$B$16)^2+'Sources & Method'!$B$17^2)),(1-P56)*NORMSDIST((Calculator!$B$51-(J56+1))/SQRT((0.3*'Sources & Method'!$B$16)^2+'Sources & Method'!$B$18^2))+P56*NORMSDIST((Calculator!$B$51-85)/SQRT((0.3*'Sources & Method'!$B$16)^2+2.5^2))) -> 0.69995714 | S56: =IF(OR(M56=0,O56="",Calculator!$B$25=0),0,IF(Calculator!$B$25>=999,'Sources & Method'!$B$21,MIN('Sources & Method'!$B$21,NORMSDIST((Calculator!$B$25-O56+0.5)/'Sources & Method'!$B$20)))) -> 0 | T56: =IF(OR(M56=0,O56="",Calculator!$B$54=0),0,IF(Calculator!$B$54>=999,'Sources & Method'!$B$21,MIN('Sources & Method'!$B$21,NORMSDIST((Calculator!$B$54-O56+0.5)/'Sources & Method'!$B$20)))) -> 0.97 | U56: =RANK(J56,$J$2:$J$76) -> 75
A57: N56 | B57: SMPN 56 | C57: B | D57: -6.924045 | E57: 107.70497 | F57: =2*6371000*ASIN(SQRT(SIN(RADIANS(D57-'Sources & Method'!$B$28)/2)^2+COS(RADIANS('Sources & Method'!$B$28))*COS(RADIANS(D57))*SIN(RADIANS(E57-'Sources & Method'!$B$29)/2)^2)) -> 1272.1827 | G57: 39 | H57: 35 | I57: =IF(G57=0,0,H57/G57) -> 0.8974359 | J57: 85.017 | K57: 87.506 | L57: 73.33 | M57: 26 | N57: 21 | O57: 8 | P57: =MIN(0.6,COUNTIF(INDEX('Report 2023-2025'!$B$2:$D$20,MATCH(A57,'Report 2023-2025'!$A$2:$A$20,0),0),">80")/4*0.6) -> 0.45 | Q57: =IF(J57>80,NORMSDIST((Calculator!$B$22-J57)/SQRT((0.3*'Sources & Method'!$B$16)^2+'Sources & Method'!$B$17^2)),(1-P57)*NORMSDIST((Calculator!$B$22-(J57+1))/SQRT((0.3*'Sources & Method'!$B$16)^2+'Sources & Method'!$B$18^2))+P57*NORMSDIST((Calculator!$B$22-85)/SQRT((0.3*'Sources & Method'!$B$16)^2+2.5^2))) -> 0.94535568 | R57: =IF(J57>80,NORMSDIST((Calculator!$B$51-J57)/SQRT((0.3*'Sources & Method'!$B$16)^2+'Sources & Method'!$B$17^2)),(1-P57)*NORMSDIST((Calculator!$B$51-(J57+1))/SQRT((0.3*'Sources & Method'!$B$16)^2+'Sources & Method'!$B$18^2))+P57*NORMSDIST((Calculator!$B$51-85)/SQRT((0.3*'Sources & Method'!$B$16)^2+2.5^2))) -> 1.87875e-45 | S57: =IF(OR(M57=0,O57="",Calculator!$B$25=0),0,IF(Calculator!$B$25>=999,'Sources & Method'!$B$21,MIN('Sources & Method'!$B$21,NORMSDIST((Calculator!$B$25-O57+0.5)/'Sources & Method'!$B$20)))) -> 0 | T57: =IF(OR(M57=0,O57="",Calculator!$B$54=0),0,IF(Calculator!$B$54>=999,'Sources & Method'!$B$21,MIN('Sources & Method'!$B$21,NORMSDIST((Calculator!$B$54-O57+0.5)/'Sources & Method'!$B$20)))) -> 0.97 | U57: =RANK(J57,$J$2:$J$76) -> 29
A58: N57 | B58: SMPN 57 | C58: D | D58: -6.93708 | E58: 107.55354 | F58: =2*6371000*ASIN(SQRT(SIN(RADIANS(D58-'Sources & Method'!$B$28)/2)^2+COS(RADIANS('Sources & Method'!$B$28))*COS(RADIANS(D58))*SIN(RADIANS(E58-'Sources & Method'!$B$29)/2)^2)) -> 16432.188 | G58: 44 | H58: 25 | I58: =IF(G58=0,0,H58/G58) -> 0.56818182 | J58: 42.914 | K58: 45.415 | L58: 68.33 | M58: 5 | N58: 4 | O58: 4 | P58: ='Sources & Method'!$B$19 -> 0.3 | Q58: =IF(J58>80,NORMSDIST((Calculator!$B$22-J58)/SQRT((0.3*'Sources & Method'!$B$16)^2+'Sources & Method'!$B$17^2)),(1-P58)*NORMSDIST((Calculator!$B$22-(J58+1))/SQRT((0.3*'Sources & Method'!$B$16)^2+'Sources & Method'!$B$18^2))+P58*NORMSDIST((Calculator!$B$22-85)/SQRT((0.3*'Sources & Method'!$B$16)^2+2.5^2))) -> 0.97401114 | R58: =IF(J58>80,NORMSDIST((Calculator!$B$51-J58)/SQRT((0.3*'Sources & Method'!$B$16)^2+'Sources & Method'!$B$17^2)),(1-P58)*NORMSDIST((Calculator!$B$51-(J58+1))/SQRT((0.3*'Sources & Method'!$B$16)^2+'Sources & Method'!$B$18^2))+P58*NORMSDIST((Calculator!$B$51-85)/SQRT((0.3*'Sources & Method'!$B$16)^2+2.5^2))) -> 0.50192945 | S58: =IF(OR(M58=0,O58="",Calculator!$B$25=0),0,IF(Calculator!$B$25>=999,'Sources & Method'!$B$21,MIN('Sources & Method'!$B$21,NORMSDIST((Calculator!$B$25-O58+0.5)/'Sources & Method'!$B$20)))) -> 0 | T58: =IF(OR(M58=0,O58="",Calculator!$B$54=0),0,IF(Calculator!$B$54>=999,'Sources & Method'!$B$21,MIN('Sources & Method'!$B$21,NORMSDIST((Calculator!$B$54-O58+0.5)/'Sources & Method'!$B$20)))) -> 0.97 | U58: =RANK(J58,$J$2:$J$76) -> 67
A59: N58 | B59: SMPN 58 | C59: B | D59: -6.925577 | E59: 107.68794 | F59: =2*6371000*ASIN(SQRT(SIN(RADIANS(D59-'Sources & Method'!$B$28)/2)^2+COS(RADIANS('Sources & Method'!$B$28))*COS(RADIANS(D59))*SIN(RADIANS(E59-'Sources & Method'!$B$29)/2)^2)) -> 1930.0196 | G59: 24 | H59: 6 | I59: =IF(G59=0,0,H59/G59) -> 0.25 | J59: 45.948 | K59: 48.933 | L59: 75 | M59: 1 | N59: 0 | O59: 5 | P59: =MIN(0.6,COUNTIF(INDEX('Report 2023-2025'!$B$2:$D$20,MATCH(A59,'Report 2023-2025'!$A$2:$A$20,0),0),">80")/4*0.6) -> 0.3 | Q59: =IF(J59>80,NORMSDIST((Calculator!$B$22-J59)/SQRT((0.3*'Sources & Method'!$B$16)^2+'Sources & Method'!$B$17^2)),(1-P59)*NORMSDIST((Calculator!$B$22-(J59+1))/SQRT((0.3*'Sources & Method'!$B$16)^2+'Sources & Method'!$B$18^2))+P59*NORMSDIST((Calculator!$B$22-85)/SQRT((0.3*'Sources & Method'!$B$16)^2+2.5^2))) -> 0.97401114 | R59: =IF(J59>80,NORMSDIST((Calculator!$B$51-J59)/SQRT((0.3*'Sources & Method'!$B$16)^2+'Sources & Method'!$B$17^2)),(1-P59)*NORMSDIST((Calculator!$B$51-(J59+1))/SQRT((0.3*'Sources & Method'!$B$16)^2+'Sources & Method'!$B$18^2))+P59*NORMSDIST((Calculator!$B$51-85)/SQRT((0.3*'Sources & Method'!$B$16)^2+2.5^2))) -> 0.27970454 | S59: =IF(OR(M59=0,O59="",Calculator!$B$25=0),0,IF(Calculator!$B$25>=999,'Sources & Method'!$B$21,MIN('Sources & Method'!$B$21,NORMSDIST((Calculator!$B$25-O59+0.5)/'Sources & Method'!$B$20)))) -> 0 | T59: =IF(OR(M59=0,O59="",Calculator!$B$54=0),0,IF(Calculator!$B$54>=999,'Sources & Method'!$B$21,MIN('Sources & Method'!$B$21,NORMSDIST((Calculator!$B$54-O59+0.5)/'Sources & Method'!$B$20)))) -> 0.97 | U59: =RANK(J59,$J$2:$J$76) -> 50
A60: N59 | B60: SMPN 59 | C60: B | D60: -6.9007 | E60: 107.65952 | F60: =2*6371000*ASIN(SQRT(SIN(RADIANS(D60-'Sources & Method'!$B$28)/2)^2+COS(RADIANS('Sources & Method'!$B$28))*COS(RADIANS(D60))*SIN(RADIANS(E60-'Sources & Method'!$B$29)/2)^2)) -> 4741.8994 | G60: 41 | H60: 12 | I60: =IF(G60=0,0,H60/G60) -> 0.29268293 | J60: 46.152 | K60: 50.706 | L60: 71.67 | M60: 12 | N60: 5 | O60: 1 | P60: =MIN(0.6,COUNTIF(INDEX('Report 2023-2025'!$B$2:$D$20,MATCH(A60,'Report 2023-2025'!$A$2:$A$20,0),0),">80")/4*0.6) -> 0.3 | Q60: =IF(J60>80,NORMSDIST((Calculator!$B$22-J60)/SQRT((0.3*'Sources & Method'!$B$16)^2+'Sources & Method'!$B$17^2)),(1-P60)*NORMSDIST((Calculator!$B$22-(J60+1))/SQRT((0.3*'Sources & Method'!$B$16)^2+'Sources & Method'!$B$18^2))+P60*NORMSDIST((Calculator!$B$22-85)/SQRT((0.3*'Sources & Method'!$B$16)^2+2.5^2))) -> 0.97401114 | R60: =IF(J60>80,NORMSDIST((Calculator!$B$51-J60)/SQRT((0.3*'Sources & Method'!$B$16)^2+'Sources & Method'!$B$17^2)),(1-P60)*NORMSDIST((Calculator!$B$51-(J60+1))/SQRT((0.3*'Sources & Method'!$B$16)^2+'Sources & Method'!$B$18^2))+P60*NORMSDIST((Calculator!$B$51-85)/SQRT((0.3*'Sources & Method'!$B$16)^2+2.5^2))) -> 0.26475706 | S60: =IF(OR(M60=0,O60="",Calculator!$B$25=0),0,IF(Calculator!$B$25>=999,'Sources & Method'!$B$21,MIN('Sources & Method'!$B$21,NORMSDIST((Calculator!$B$25-O60+0.5)/'Sources & Method'!$B$20)))) -> 0 | T60: =IF(OR(M60=0,O60="",Calculator!$B$54=0),0,IF(Calculator!$B$54>=999,'Sources & Method'!$B$21,MIN('Sources & Method'!$B$21,NORMSDIST((Calculator!$B$54-O60+0.5)/'Sources & Method'!$B$20)))) -> 0.97 | U60: =RANK(J60,$J$2:$J$76) -> 48
A61: N60 | B61: SMPN 60 | C61: C | D61: -6.9595 | E61: 107.6158 | F61: =2*6371000*ASIN(SQRT(SIN(RADIANS(D61-'Sources & Method'!$B$28)/2)^2+COS(RADIANS('Sources & Method'!$B$28))*COS(RADIANS(D61))*SIN(RADIANS(E61-'Sources & Method'!$B$29)/2)^2)) -> 10657.008 | G61: 31 | H61: 9 | I61: =IF(G61=0,0,H61/G61) -> 0.29032258 | J61: 44.623 | K61: 80.946 | L61: 68.33 | M61: 2 | N61: 1 | O61: 3 | P61: ='Sources & Method'!$B$19 -> 0.3 | Q61: =IF(J61>80,NORMSDIST((Calculator!$B$22-J61)/SQRT((0.3*'Sources & Method'!$B$16)^2+'Sources & Method'!$B$17^2)),(1-P61)*NORMSDIST((Calculator!$B$22-(J61+1))/SQRT((0.3*'Sources & Method'!$B$16)^2+'Sources & Method'!$B$18^2))+P61*NORMSDIST((Calculator!$B$22-85)/SQRT((0.3*'Sources & Method'!$B$16)^2+2.5^2))) -> 0.97401114 | R61: =IF(J61>80,NORMSDIST((Calculator!$B$51-J61)/SQRT((0.3*'Sources & Method'!$B$16)^2+'Sources & Method'!$B$17^2)),(1-P61)*NORMSDIST((Calculator!$B$51-(J61+1))/SQRT((0.3*'Sources & Method'!$B$16)^2+'Sources & Method'!$B$18^2))+P61*NORMSDIST((Calculator!$B$51-85)/SQRT((0.3*'Sources & Method'!$B$16)^2+2.5^2))) -> 0.37993149 | S61: =IF(OR(M61=0,O61="",Calculator!$B$25=0),0,IF(Calculator!$B$25>=999,'Sources & Method'!$B$21,MIN('Sources & Method'!$B$21,NORMSDIST((Calculator!$B$25-O61+0.5)/'Sources & Method'!$B$20)))) -> 0 | T61: =IF(OR(M61=0,O61="",Calculator!$B$54=0),0,IF(Calculator!$B$54>=999,'Sources & Method'!$B$21,MIN('Sources & Method'!$B$21,NORMSDIST((Calculator!$B$54-O61+0.5)/'Sources & Method'!$B$20)))) -> 0.97 | U61: =RANK(J61,$J$2:$J$76) -> 60
A62: N61 | B62: SMPN 61 | C62: A | D62: -6.903275 | E62: 107.64798 | F62: =2*6371000*ASIN(SQRT(SIN(RADIANS(D62-'Sources & Method'!$B$28)/2)^2+COS(RADIANS('Sources & Method'!$B$28))*COS(RADIANS(D62))*SIN(RADIANS(E62-'Sources & Method'!$B$29)/2)^2)) -> 5908.1008 | G62: 47 | H62: 16 | I62: =IF(G62=0,0,H62/G62) -> 0.34042553 | J62: 43.917 | K62: 46.48 | L62: 68.34 | M62: 10 | N62: 6 | O62: 4 | P62: ='Sources & Method'!$B$19 -> 0.3 | Q62: =IF(J62>80,NORMSDIST((Calculator!$B$22-J62)/SQRT((0.3*'Sources & Method'!$B$16)^2+'Sources & Method'!$B$17^2)),(1-P62)*NORMSDIST((Calculator!$B$22-(J62+1))/SQRT((0.3*'Sources & Method'!$B$16)^2+'Sources & Method'!$B$18^2))+P62*NORMSDIST((Calculator!$B$22-85)/SQRT((0.3*'Sources & Method'!$B$16)^2+2.5^2))) -> 0.97401114 | R62: =IF(J62>80,NORMSDIST((Calculator!$B$51-J62)/SQRT((0.3*'Sources & Method'!$B$16)^2+'Sources & Method'!$B$17^2)),(1-P62)*NORMSDIST((Calculator!$B$51-(J62+1))/SQRT((0.3*'Sources & Method'!$B$16)^2+'Sources & Method'!$B$18^2))+P62*NORMSDIST((Calculator!$B$51-85)/SQRT((0.3*'Sources & Method'!$B$16)^2+2.5^2))) -> 0.43258611 | S62: =IF(OR(M62=0,O62="",Calculator!$B$25=0),0,IF(Calculator!$B$25>=999,'Sources & Method'!$B$21,MIN('Sources & Method'!$B$21,NORMSDIST((Calculator!$B$25-O62+0.5)/'Sources & Method'!$B$20)))) -> 0 | T62: =IF(OR(M62=0,O62="",Calculator!$B$54=0),0,IF(Calculator!$B$54>=999,'Sources & Method'!$B$21,MIN('Sources & Method'!$B$21,NORMSDIST((Calculator!$B$54-O62+0.5)/'Sources & Method'!$B$20)))) -> 0.97 | U62: =RANK(J62,$J$2:$J$76) -> 62
A63: N62 | B63: SMPN 62 | C63: C | D63: -6.941986 | E63: 107.63379 | F63: =2*6371000*ASIN(SQRT(SIN(RADIANS(D63-'Sources & Method'!$B$28)/2)^2+COS(RADIANS('Sources & Method'!$B$28))*COS(RADIANS(D63))*SIN(RADIANS(E63-'Sources & Method'!$B$29)/2)^2)) -> 8016.4198 | G63: 16 | H63: 5 | I63: =IF(G63=0,0,H63/G63) -> 0.3125 | J63: 45.199 | K63: 46.683 | L63: 70 | M63: 1 | N63: 1 | O63: 12 | P63: ='Sources & Method'!$B$19 -> 0.3 | Q63: =IF(J63>80,NORMSDIST((Calculator!$B$22-J63)/SQRT((0.3*'Sources & Method'!$B$16)^2+'Sources & Method'!$B$17^2)),(1-P63)*NORMSDIST((Calculator!$B$22-(J63+1))/SQRT((0.3*'Sources & Method'!$B$16)^2+'Sources & Method'!$B$18^2))+P63*NORMSDIST((Calculator!$B$22-85)/SQRT((0.3*'Sources & Method'!$B$16)^2+2.5^2))) -> 0.97401114 | R63: =IF(J63>80,NORMSDIST((Calculator!$B$51-J63)/SQRT((0.3*'Sources & Method'!$B$16)^2+'Sources & Method'!$B$17^2)),(1-P63)*NORMSDIST((Calculator!$B$51-(J63+1))/SQRT((0.3*'Sources & Method'!$B$16)^2+'Sources & Method'!$B$18^2))+P63*NORMSDIST((Calculator!$B$51-85)/SQRT((0.3*'Sources & Method'!$B$16)^2+2.5^2))) -> 0.33606937 | S63: =IF(OR(M63=0,O63="",Calculator!$B$25=0),0,IF(Calculator!$B$25>=999,'Sources & Method'!$B$21,MIN('Sources & Method'!$B$21,NORMSDIST((Calculator!$B$25-O63+0.5)/'Sources & Method'!$B$20)))) -> 0 | T63: =IF(OR(M63=0,O63="",Calculator!$B$54=0),0,IF(Calculator!$B$54>=999,'Sources & Method'!$B$21,MIN('Sources & Method'!$B$21,NORMSDIST((Calculator!$B$54-O63+0.5)/'Sources & Method'!$B$20)))) -> 0.97 | U63: =RANK(J63,$J$2:$J$76) -> 56
A64: N63 | B64: SMPN 63 | C64: A | D64: -6.900035 | E64: 107.62943 | F64: =2*6371000*ASIN(SQRT(SIN(RADIANS(D64-'Sources & Method'!$B$28)/2)^2+COS(RADIANS('Sources & Method'!$B$28))*COS(RADIANS(D64))*SIN(RADIANS(E64-'Sources & Method'!$B$29)/2)^2)) -> 7986.7602 | G64: 27 | H64: 8 | I64: =IF(G64=0,0,H64/G64) -> 0.2962963 | J64: 45.959 | K64: 47.385 | L64: 71.66 | M64: 6 | N64: 2 | O64: 8 | P64: ='Sources & Method'!$B$19 -> 0.3 | Q64: =IF(J64>80,NORMSDIST((Calculator!$B$22-J64)/SQRT((0.3*'Sources & Method'!$B$16)^2+'Sources & Method'!$B$17^2)),(1-P64)*NORMSDIST((Calculator!$B$22-(J64+1))/SQRT((0.3*'Sources & Method'!$B$16)^2+'Sources & Method'!$B$18^2))+P64*NORMSDIST((Calculator!$B$22-85)/SQRT((0.3*'Sources & Method'!$B$16)^2+2.5^2))) -> 0.97401114 | R64: =IF(J64>80,NORMSDIST((Calculator!$B$51-J64)/SQRT((0.3*'Sources & Method'!$B$16)^2+'Sources & Method'!$B$17^2)),(1-P64)*NORMSDIST((Calculator!$B$51-(J64+1))/SQRT((0.3*'Sources & Method'!$B$16)^2+'Sources & Method'!$B$18^2))+P64*NORMSDIST((Calculator!$B$51-85)/SQRT((0.3*'Sources & Method'!$B$16)^2+2.5^2))) -> 0.27889271 | S64: =IF(OR(M64=0,O64="",Calculator!$B$25=0),0,IF(Calculator!$B$25>=999,'Sources & Method'!$B$21,MIN('Sources & Method'!$B$21,NORMSDIST((Calculator!$B$25-O64+0.5)/'Sources & Method'!$B$20)))) -> 0 | T64: =IF(OR(M64=0,O64="",Calculator!$B$54=0),0,IF(Calculator!$B$54>=999,'Sources & Method'!$B$21,MIN('Sources & Method'!$B$21,NORMSDIST((Calculator!$B$54-O64+0.5)/'Sources & Method'!$B$20)))) -> 0.97 | U64: =RANK(J64,$J$2:$J$76) -> 49
A65: N64 | B65: SMPN 64 | C65: A | D65: -6.891396 | E65: 107.5802 | F65: =2*6371000*ASIN(SQRT(SIN(RADIANS(D65-'Sources & Method'!$B$28)/2)^2+COS(RADIANS('Sources & Method'!$B$28))*COS(RADIANS(D65))*SIN(RADIANS(E65-'Sources & Method'!$B$29)/2)^2)) -> 13505.118 | G65: 18 | H65: 8 | I65: =IF(G65=0,0,H65/G65) -> 0.44444444 | J65: 45.51 | K65: 47.048 | L65: 70 | M65: 7 | N65: 5 | O65: 4 | P65: ='Sources & Method'!$B$19 -> 0.3 | Q65: =IF(J65>80,NORMSDIST((Calculator!$B$22-J65)/SQRT((0.3*'Sources & Method'!$B$16)^2+'Sources & Method'!$B$17^2)),(1-P65)*NORMSDIST((Calculator!$B$22-(J65+1))/SQRT((0.3*'Sources & Method'!$B$16)^2+'Sources & Method'!$B$18^2))+P65*NORMSDIST((Calculator!$B$22-85)/SQRT((0.3*'Sources & Method'!$B$16)^2+2.5^2))) -> 0.97401114 | R65: =IF(J65>80,NORMSDIST((Calculator!$B$51-J65)/SQRT((0.3*'Sources & Method'!$B$16)^2+'Sources & Method'!$B$17^2)),(1-P65)*NORMSDIST((Calculator!$B$51-(J65+1))/SQRT((0.3*'Sources & Method'!$B$16)^2+'Sources & Method'!$B$18^2))+P65*NORMSDIST((Calculator!$B$51-85)/SQRT((0.3*'Sources & Method'!$B$16)^2+2.5^2))) -> 0.31246067 | S65: =IF(OR(M65=0,O65="",Calculator!$B$25=0),0,IF(Calculator!$B$25>=999,'Sources & Method'!$B$21,MIN('Sources & Method'!$B$21,NORMSDIST((Calculator!$B$25-O65+0.5)/'Sources & Method'!$B$20)))) -> 0 | T65: =IF(OR(M65=0,O65="",Calculator!$B$54=0),0,IF(Calculator!$B$54>=999,'Sources & Method'!$B$21,MIN('Sources & Method'!$B$21,NORMSDIST((Calculator!$B$54-O65+0.5)/'Sources & Method'!$B$20)))) -> 0.97 | U65: =RANK(J65,$J$2:$J$76) -> 55
A66: N65 | B66: SMPN 65 | C66: B | D66: -6.966734 | E66: 107.66671 | F66: =2*6371000*ASIN(SQRT(SIN(RADIANS(D66-'Sources & Method'!$B$28)/2)^2+COS(RADIANS('Sources & Method'!$B$28))*COS(RADIANS(D66))*SIN(RADIANS(E66-'Sources & Method'!$B$29)/2)^2)) -> 6996.4668 | G66: 32 | H66: 3 | I66: =IF(G66=0,0,H66/G66) -> 0.09375 | J66: 43.116 | K66: 45.356 | L66: 68.33 | M66: 1 | N66: 0 | O66: 4 | P66: =MIN(0.6,COUNTIF(INDEX('Report 2023-2025'!$B$2:$D$20,MATCH(A66,'Report 2023-2025'!$A$2:$A$20,0),0),">80")/4*0.6) -> 0 | Q66: =IF(J66>80,NORMSDIST((Calculator!$B$22-J66)/SQRT((0.3*'Sources & Method'!$B$16)^2+'Sources & Method'!$B$17^2)),(1-P66)*NORMSDIST((Calculator!$B$22-(J66+1))/SQRT((0.3*'Sources & Method'!$B$16)^2+'Sources & Method'!$B$18^2))+P66*NORMSDIST((Calculator!$B$22-85)/SQRT((0.3*'Sources & Method'!$B$16)^2+2.5^2))) -> 1 | R66: =IF(J66>80,NORMSDIST((Calculator!$B$51-J66)/SQRT((0.3*'Sources & Method'!$B$16)^2+'Sources & Method'!$B$17^2)),(1-P66)*NORMSDIST((Calculator!$B$51-(J66+1))/SQRT((0.3*'Sources & Method'!$B$16)^2+'Sources & Method'!$B$18^2))+P66*NORMSDIST((Calculator!$B$51-85)/SQRT((0.3*'Sources & Method'!$B$16)^2+2.5^2))) -> 0.69809004 | S66: =IF(OR(M66=0,O66="",Calculator!$B$25=0),0,IF(Calculator!$B$25>=999,'Sources & Method'!$B$21,MIN('Sources & Method'!$B$21,NORMSDIST((Calculator!$B$25-O66+0.5)/'Sources & Method'!$B$20)))) -> 0 | T66: =IF(OR(M66=0,O66="",Calculator!$B$54=0),0,IF(Calculator!$B$54>=999,'Sources & Method'!$B$21,MIN('Sources & Method'!$B$21,NORMSDIST((Calculator!$B$54-O66+0.5)/'Sources & Method'!$B$20)))) -> 0.97 | U66: =RANK(J66,$J$2:$J$76) -> 63
A67: N66 | B67: SMPN 66 | C67: B | D67: -6.9429 | E67: 107.68439 | F67: =2*6371000*ASIN(SQRT(SIN(RADIANS(D67-'Sources & Method'!$B$28)/2)^2+COS(RADIANS('Sources & Method'!$B$28))*COS(RADIANS(D67))*SIN(RADIANS(E67-'Sources & Method'!$B$29)/2)^2)) -> 3721.5918 | G67: 50 | H67: 24 | I67: =IF(G67=0,0,H67/G67) -> 0.48 | J67: 42.942 | K67: 46.726 | L67: 68.34 | M67: 3 | N67: 3 | O67: 6 | P67: =MIN(0.6,COUNTIF(INDEX('Report 2023-2025'!$B$2:$D$20,MATCH(A67,'Report 2023-2025'!$A$2:$A$20,0),0),">80")/4*0.6) -> 0 | Q67: =IF(J67>80,NORMSDIST((Calculator!$B$22-J67)/SQRT((0.3*'Sources & Method'!$B$16)^2+'Sources & Method'!$B$17^2)),(1-P67)*NORMSDIST((Calculator!$B$22-(J67+1))/SQRT((0.3*'Sources & Method'!$B$16)^2+'Sources & Method'!$B$18^2))+P67*NORMSDIST((Calculator!$B$22-85)/SQRT((0.3*'Sources & Method'!$B$16)^2+2.5^2))) -> 1 | R67: =IF(J67>80,NORMSDIST((Calculator!$B$51-J67)/SQRT((0.3*'Sources & Method'!$B$16)^2+'Sources & Method'!$B$17^2)),(1-P67)*NORMSDIST((Calculator!$B$51-(J67+1))/SQRT((0.3*'Sources & Method'!$B$16)^2+'Sources & Method'!$B$18^2))+P67*NORMSDIST((Calculator!$B$51-85)/SQRT((0.3*'Sources & Method'!$B$16)^2+2.5^2))) -> 0.71444945 | S67: =IF(OR(M67=0,O67="",Calculator!$B$25=0),0,IF(Calculator!$B$25>=999,'Sources & Method'!$B$21,MIN('Sources & Method'!$B$21,NORMSDIST((Calculator!$B$25-O67+0.5)/'Sources & Method'!$B$20)))) -> 0 | T67: =IF(OR(M67=0,O67="",Calculator!$B$54=0),0,IF(Calculator!$B$54>=999,'Sources & Method'!$B$21,MIN('Sources & Method'!$B$21,NORMSDIST((Calculator!$B$54-O67+0.5)/'Sources & Method'!$B$20)))) -> 0.97 | U67: =RANK(J67,$J$2:$J$76) -> 66
A68: N67 | B68: SMPN 67 | C68: D | D68: -6.900729 | E68: 107.56552 | F68: =2*6371000*ASIN(SQRT(SIN(RADIANS(D68-'Sources & Method'!$B$28)/2)^2+COS(RADIANS('Sources & Method'!$B$28))*COS(RADIANS(D68))*SIN(RADIANS(E68-'Sources & Method'!$B$29)/2)^2)) -> 14967.459 | G68: 22 | H68: 7 | I68: =IF(G68=0,0,H68/G68) -> 0.31818182 | J68: 42.441 | K68: 44.782 | L68: 66.67 | M68: 3 | N68: 3 | O68: 8 | P68: ='Sources & Method'!$B$19 -> 0.3 | Q68: =IF(J68>80,NORMSDIST((Calculator!$B$22-J68)/SQRT((0.3*'Sources & Method'!$B$16)^2+'Sources & Method'!$B$17^2)),(1-P68)*NORMSDIST((Calculator!$B$22-(J68+1))/SQRT((0.3*'Sources & Method'!$B$16)^2+'Sources & Method'!$B$18^2))+P68*NORMSDIST((Calculator!$B$22-85)/SQRT((0.3*'Sources & Method'!$B$16)^2+2.5^2))) -> 0.97401114 | R68: =IF(J68>80,NORMSDIST((Calculator!$B$51-J68)/SQRT((0.3*'Sources & Method'!$B$16)^2+'Sources & Method'!$B$17^2)),(1-P68)*NORMSDIST((Calculator!$B$51-(J68+1))/SQRT((0.3*'Sources & Method'!$B$16)^2+'Sources & Method'!$B$18^2))+P68*NORMSDIST((Calculator!$B$51-85)/SQRT((0.3*'Sources & Method'!$B$16)^2+2.5^2))) -> 0.53133334 | S68: =IF(OR(M68=0,O68="",Calculator!$B$25=0),0,IF(Calculator!$B$25>=999,'Sources & Method'!$B$21,MIN('Sources & Method'!$B$21,NORMSDIST((Calculator!$B$25-O68+0.5)/'Sources & Method'!$B$20)))) -> 0 | T68: =IF(OR(M68=0,O68="",Calculator!$B$54=0),0,IF(Calculator!$B$54>=999,'Sources & Method'!$B$21,MIN('Sources & Method'!$B$21,NORMSDIST((Calculator!$B$54-O68+0.5)/'Sources & Method'!$B$20)))) -> 0.97 | U68: =RANK(J68,$J$2:$J$76) -> 68
A69: N68 | B69: SMPN 68 | C69: D | D69: -6.891734 | E69: 107.57875 | F69: =2*6371000*ASIN(SQRT(SIN(RADIANS(D69-'Sources & Method'!$B$28)/2)^2+COS(RADIANS('Sources & Method'!$B$28))*COS(RADIANS(D69))*SIN(RADIANS(E69-'Sources & Method'!$B$29)/2)^2)) -> 13656.476 | G69: 27 | H69: 18 | I69: =IF(G69=0,0,H69/G69) -> 0.66666667 | J69: 45.562 | K69: 48.636 | L69: 71.67 | M69: 6 | N69: 3 | O69: 10 | P69: ='Sources & Method'!$B$19 -> 0.3 | Q69: =IF(J69>80,NORMSDIST((Calculator!$B$22-J69)/SQRT((0.3*'Sources & Method'!$B$16)^2+'Sources & Method'!$B$17^2)),(1-P69)*NORMSDIST((Calculator!$B$22-(J69+1))/SQRT((0.3*'Sources & Method'!$B$16)^2+'Sources & Method'!$B$18^2))+P69*NORMSDIST((Calculator!$B$22-85)/SQRT((0.3*'Sources & Method'!$B$16)^2+2.5^2))) -> 0.97401114 | R69: =IF(J69>80,NORMSDIST((Calculator!$B$51-J69)/SQRT((0.3*'Sources & Method'!$B$16)^2+'Sources & Method'!$B$17^2)),(1-P69)*NORMSDIST((Calculator!$B$51-(J69+1))/SQRT((0.3*'Sources & Method'!$B$16)^2+'Sources & Method'!$B$18^2))+P69*NORMSDIST((Calculator!$B$51-85)/SQRT((0.3*'Sources & Method'!$B$16)^2+2.5^2))) -> 0.30853495 | S69: =IF(OR(M69=0,O69="",Calculator!$B$25=0),0,IF(Calculator!$B$25>=999,'Sources & Method'!$B$21,MIN('Sources & Method'!$B$21,NORMSDIST((Calculator!$B$25-O69+0.5)/'Sources & Method'!$B$20)))) -> 0 | T69: =IF(OR(M69=0,O69="",Calculator!$B$54=0),0,IF(Calculator!$B$54>=999,'Sources & Method'!$B$21,MIN('Sources & Method'!$B$21,NORMSDIST((Calculator!$B$54-O69+0.5)/'Sources & Method'!$B$20)))) -> 0.97 | U69: =RANK(J69,$J$2:$J$76) -> 54
A70: N69 | B70: SMPN 69 | C70: A | D70: -6.88189 | E70: 107.6094 | F70: =2*6371000*ASIN(SQRT(SIN(RADIANS(D70-'Sources & Method'!$B$28)/2)^2+COS(RADIANS('Sources & Method'!$B$28))*COS(RADIANS(D70))*SIN(RADIANS(E70-'Sources & Method'!$B$29)/2)^2)) -> 10653.089 | G70: 17 | H70: 5 | I70: =IF(G70=0,0,H70/G70) -> 0.29411765 | J70: 37.651 | K70: 41.049 | L70: 55 | M70: 0 | N70: 0 | P70: ='Sources & Method'!$B$19 -> 0.3 | Q70: =IF(J70>80,NORMSDIST((Calculator!$B$22-J70)/SQRT((0.3*'Sources & Method'!$B$16)^2+'Sources & Method'!$B$17^2)),(1-P70)*NORMSDIST((Calculator!$B$22-(J70+1))/SQRT((0.3*'Sources & Method'!$B$16)^2+'Sources & Method'!$B$18^2))+P70*NORMSDIST((Calculator!$B$22-85)/SQRT((0.3*'Sources & Method'!$B$16)^2+2.5^2))) -> 0.97401114 | R70: =IF(J70>80,NORMSDIST((Calculator!$B$51-J70)/SQRT((0.3*'Sources & Method'!$B$16)^2+'Sources & Method'!$B$17^2)),(1-P70)*NORMSDIST((Calculator!$B$51-(J70+1))/SQRT((0.3*'Sources & Method'!$B$16)^2+'Sources & Method'!$B$18^2))+P70*NORMSDIST((Calculator!$B$51-85)/SQRT((0.3*'Sources & Method'!$B$16)^2+2.5^2))) -> 0.68449654 | S70: =IF(OR(M70=0,O70="",Calculator!$B$25=0),0,IF(Calculator!$B$25>=999,'Sources & Method'!$B$21,MIN('Sources & Method'!$B$21,NORMSDIST((Calculator!$B$25-O70+0.5)/'Sources & Method'!$B$20)))) -> 0 | T70: =IF(OR(M70=0,O70="",Calculator!$B$54=0),0,IF(Calculator!$B$54>=999,'Sources & Method'!$B$21,MIN('Sources & Method'!$B$21,NORMSDIST((Calculator!$B$54-O70+0.5)/'Sources & Method'!$B$20)))) -> 0 | U70: =RANK(J70,$J$2:$J$76) -> 74
A71: N70 | B71: SMPN 70 | C71: A | D71: -6.875399 | E71: 107.58064 | F71: =2*6371000*ASIN(SQRT(SIN(RADIANS(D71-'Sources & Method'!$B$28)/2)^2+COS(RADIANS('Sources & Method'!$B$28))*COS(RADIANS(D71))*SIN(RADIANS(E71-'Sources & Method'!$B$29)/2)^2)) -> 13893.072 | G71: 28 | H71: 9 | I71: =IF(G71=0,0,H71/G71) -> 0.32142857 | J71: 40.334 | K71: 43.72 | L71: 65 | M71: 2 | N71: 2 | O71: 16 | P71: ='Sources & Method'!$B$19 -> 0.3 | Q71: =IF(J71>80,NORMSDIST((Calculator!$B$22-J71)/SQRT((0.3*'Sources & Method'!$B$16)^2+'Sources & Method'!$B$17^2)),(1-P71)*NORMSDIST((Calculator!$B$22-(J71+1))/SQRT((0.3*'Sources & Method'!$B$16)^2+'Sources & Method'!$B$18^2))+P71*NORMSDIST((Calculator!$B$22-85)/SQRT((0.3*'Sources & Method'!$B$16)^2+2.5^2))) -> 0.97401114 | R71: =IF(J71>80,NORMSDIST((Calculator!$B$51-J71)/SQRT((0.3*'Sources & Method'!$B$16)^2+'Sources & Method'!$B$17^2)),(1-P71)*NORMSDIST((Calculator!$B$51-(J71+1))/SQRT((0.3*'Sources & Method'!$B$16)^2+'Sources & Method'!$B$18^2))+P71*NORMSDIST((Calculator!$B$51-85)/SQRT((0.3*'Sources & Method'!$B$16)^2+2.5^2))) -> 0.62963872 | S71: =IF(OR(M71=0,O71="",Calculator!$B$25=0),0,IF(Calculator!$B$25>=999,'Sources & Method'!$B$21,MIN('Sources & Method'!$B$21,NORMSDIST((Calculator!$B$25-O71+0.5)/'Sources & Method'!$B$20)))) -> 0 | T71: =IF(OR(M71=0,O71="",Calculator!$B$54=0),0,IF(Calculator!$B$54>=999,'Sources & Method'!$B$21,MIN('Sources & Method'!$B$21,NORMSDIST((Calculator!$B$54-O71+0.5)/'Sources & Method'!$B$20)))) -> 0.97 | U71: =RANK(J71,$J$2:$J$76) -> 70
A72: N71 | B72: SMPN 71 | C72: B | D72: -6.921834 | E72: 107.71501 | F72: =2*6371000*ASIN(SQRT(SIN(RADIANS(D72-'Sources & Method'!$B$28)/2)^2+COS(RADIANS('Sources & Method'!$B$28))*COS(RADIANS(D72))*SIN(RADIANS(E72-'Sources & Method'!$B$29)/2)^2)) -> 1850.1702 | G72: 24 | H72: 2 | I72: =IF(G72=0,0,H72/G72) -> 0.083333333 | J72: 46.292 | K72: 81.629 | L72: 70 | M72: 1 | N72: 0 | O72: 11 | P72: =MIN(0.6,COUNTIF(INDEX('Report 2023-2025'!$B$2:$D$20,MATCH(A72,'Report 2023-2025'!$A$2:$A$20,0),0),">80")/4*0.6) -> 0.3 | Q72: =IF(J72>80,NORMSDIST((Calculator!$B$22-J72)/SQRT((0.3*'Sources & Method'!$B$16)^2+'Sources & Method'!$B$17^2)),(1-P72)*NORMSDIST((Calculator!$B$22-(J72+1))/SQRT((0.3*'Sources & Method'!$B$16)^2+'Sources & Method'!$B$18^2))+P72*NORMSDIST((Calculator!$B$22-85)/SQRT((0.3*'Sources & Method'!$B$16)^2+2.5^2))) -> 0.97401114 | R72: =IF(J72>80,NORMSDIST((Calculator!$B$51-J72)/SQRT((0.3*'Sources & Method'!$B$16)^2+'Sources & Method'!$B$17^2)),(1-P72)*NORMSDIST((Calculator!$B$51-(J72+1))/SQRT((0.3*'Sources & Method'!$B$16)^2+'Sources & Method'!$B$18^2))+P72*NORMSDIST((Calculator!$B$51-85)/SQRT((0.3*'Sources & Method'!$B$16)^2+2.5^2))) -> 0.25464461 | S72: =IF(OR(M72=0,O72="",Calculator!$B$25=0),0,IF(Calculator!$B$25>=999,'Sources & Method'!$B$21,MIN('Sources & Method'!$B$21,NORMSDIST((Calculator!$B$25-O72+0.5)/'Sources & Method'!$B$20)))) -> 0 | T72: =IF(OR(M72=0,O72="",Calculator!$B$54=0),0,IF(Calculator!$B$54>=999,'Sources & Method'!$B$21,MIN('Sources & Method'!$B$21,NORMSDIST((Calculator!$B$54-O72+0.5)/'Sources & Method'!$B$20)))) -> 0.97 | U72: =RANK(J72,$J$2:$J$76) -> 47
A73: N72 | B73: SMPN 72 | C73: B | D73: -6.9419 | E73: 107.7128 | F73: =2*6371000*ASIN(SQRT(SIN(RADIANS(D73-'Sources & Method'!$B$28)/2)^2+COS(RADIANS('Sources & Method'!$B$28))*COS(RADIANS(D73))*SIN(RADIANS(E73-'Sources & Method'!$B$29)/2)^2)) -> 3437.4324 | G73: 21 | H73: 14 | I73: =IF(G73=0,0,H73/G73) -> 0.66666667 | J73: 45.569 | K73: 48.292 | L73: 76.67 | M73: 4 | N73: 3 | O73: 8 | P73: =MIN(0.6,COUNTIF(INDEX('Report 2023-2025'!$B$2:$D$20,MATCH(A73,'Report 2023-2025'!$A$2:$A$20,0),0),">80")/4*0.6) -> 0 | Q73: =IF(J73>80,NORMSDIST((Calculator!$B$22-J73)/SQRT((0.3*'Sources & Method'!$B$16)^2+'Sources & Method'!$B$17^2)),(1-P73)*NORMSDIST((Calculator!$B$22-(J73+1))/SQRT((0.3*'Sources & Method'!$B$16)^2+'Sources & Method'!$B$18^2))+P73*NORMSDIST((Calculator!$B$22-85)/SQRT((0.3*'Sources & Method'!$B$16)^2+2.5^2))) -> 1 | R73: =IF(J73>80,NORMSDIST((Calculator!$B$51-J73)/SQRT((0.3*'Sources & Method'!$B$16)^2+'Sources & Method'!$B$17^2)),(1-P73)*NORMSDIST((Calculator!$B$51-(J73+1))/SQRT((0.3*'Sources & Method'!$B$16)^2+'Sources & Method'!$B$18^2))+P73*NORMSDIST((Calculator!$B$51-85)/SQRT((0.3*'Sources & Method'!$B$16)^2+2.5^2))) -> 0.44001015 | S73: =IF(OR(M73=0,O73="",Calculator!$B$25=0),0,IF(Calculator!$B$25>=999,'Sources & Method'!$B$21,MIN('Sources & Method'!$B$21,NORMSDIST((Calculator!$B$25-O73+0.5)/'Sources & Method'!$B$20)))) -> 0 | T73: =IF(OR(M73=0,O73="",Calculator!$B$54=0),0,IF(Calculator!$B$54>=999,'Sources & Method'!$B$21,MIN('Sources & Method'!$B$21,NORMSDIST((Calculator!$B$54-O73+0.5)/'Sources & Method'!$B$20)))) -> 0.97 | U73: =RANK(J73,$J$2:$J$76) -> 52
A74: N73 | B74: SMPN 73 | C74: D | D74: -6.918772 | E74: 107.58345 | F74: =2*6371000*ASIN(SQRT(SIN(RADIANS(D74-'Sources & Method'!$B$28)/2)^2+COS(RADIANS('Sources & Method'!$B$28))*COS(RADIANS(D74))*SIN(RADIANS(E74-'Sources & Method'!$B$29)/2)^2)) -> 12933.841 | G74: 17 | H74: 7 | I74: =IF(G74=0,0,H74/G74) -> 0.41176471 | J74: 44.16 | K74: 44.816 | L74: 66.67 | M74: 0 | N74: 0 | P74: ='Sources & Method'!$B$19 -> 0.3 | Q74: =IF(J74>80,NORMSDIST((Calculator!$B$22-J74)/SQRT((0.3*'Sources & Method'!$B$16)^2+'Sources & Method'!$B$17^2)),(1-P74)*NORMSDIST((Calculator!$B$22-(J74+1))/SQRT((0.3*'Sources & Method'!$B$16)^2+'Sources & Method'!$B$18^2))+P74*NORMSDIST((Calculator!$B$22-85)/SQRT((0.3*'Sources & Method'!$B$16)^2+2.5^2))) -> 0.97401114 | R74: =IF(J74>80,NORMSDIST((Calculator!$B$51-J74)/SQRT((0.3*'Sources & Method'!$B$16)^2+'Sources & Method'!$B$17^2)),(1-P74)*NORMSDIST((Calculator!$B$51-(J74+1))/SQRT((0.3*'Sources & Method'!$B$16)^2+'Sources & Method'!$B$18^2))+P74*NORMSDIST((Calculator!$B$51-85)/SQRT((0.3*'Sources & Method'!$B$16)^2+2.5^2))) -> 0.41470701 | S74: =IF(OR(M74=0,O74="",Calculator!$B$25=0),0,IF(Calculator!$B$25>=999,'Sources & Method'!$B$21,MIN('Sources & Method'!$B$21,NORMSDIST((Calculator!$B$25-O74+0.5)/'Sources & Method'!$B$20)))) -> 0 | T74: =IF(OR(M74=0,O74="",Calculator!$B$54=0),0,IF(Calculator!$B$54>=999,'Sources & Method'!$B$21,MIN('Sources & Method'!$B$21,NORMSDIST((Calculator!$B$54-O74+0.5)/'Sources & Method'!$B$20)))) -> 0 | U74: =RANK(J74,$J$2:$J$76) -> 61
A75: N74 | B75: SMPN 74 | C75: A | D75: -6.886297 | E75: 107.59179 | F75: =2*6371000*ASIN(SQRT(SIN(RADIANS(D75-'Sources & Method'!$B$28)/2)^2+COS(RADIANS('Sources & Method'!$B$28))*COS(RADIANS(D75))*SIN(RADIANS(E75-'Sources & Method'!$B$29)/2)^2)) -> 12375.483 | G75: 32 | H75: 19 | I75: =IF(G75=0,0,H75/G75) -> 0.59375 | J75: 38.453 | K75: 44.031 | L75: 61.66 | M75: 1 | N75: 1 | O75: 20 | P75: ='Sources & Method'!$B$19 -> 0.3 | Q75: =IF(J75>80,NORMSDIST((Calculator!$B$22-J75)/SQRT((0.3*'Sources & Method'!$B$16)^2+'Sources & Method'!$B$17^2)),(1-P75)*NORMSDIST((Calculator!$B$22-(J75+1))/SQRT((0.3*'Sources & Method'!$B$16)^2+'Sources & Method'!$B$18^2))+P75*NORMSDIST((Calculator!$B$22-85)/SQRT((0.3*'Sources & Method'!$B$16)^2+2.5^2))) -> 0.97401114 | R75: =IF(J75>80,NORMSDIST((Calculator!$B$51-J75)/SQRT((0.3*'Sources & Method'!$B$16)^2+'Sources & Method'!$B$17^2)),(1-P75)*NORMSDIST((Calculator!$B$51-(J75+1))/SQRT((0.3*'Sources & Method'!$B$16)^2+'Sources & Method'!$B$18^2))+P75*NORMSDIST((Calculator!$B$51-85)/SQRT((0.3*'Sources & Method'!$B$16)^2+2.5^2))) -> 0.67441886 | S75: =IF(OR(M75=0,O75="",Calculator!$B$25=0),0,IF(Calculator!$B$25>=999,'Sources & Method'!$B$21,MIN('Sources & Method'!$B$21,NORMSDIST((Calculator!$B$25-O75+0.5)/'Sources & Method'!$B$20)))) -> 0 | T75: =IF(OR(M75=0,O75="",Calculator!$B$54=0),0,IF(Calculator!$B$54>=999,'Sources & Method'!$B$21,MIN('Sources & Method'!$B$21,NORMSDIST((Calculator!$B$54-O75+0.5)/'Sources & Method'!$B$20)))) -> 0.97 | U75: =RANK(J75,$J$2:$J$76) -> 72
A76: N75 | B76: SMPN 75 | C76: D | D76: -6.953517 | E76: 107.58443 | F76: =2*6371000*ASIN(SQRT(SIN(RADIANS(D76-'Sources & Method'!$B$28)/2)^2+COS(RADIANS('Sources & Method'!$B$28))*COS(RADIANS(D76))*SIN(RADIANS(E76-'Sources & Method'!$B$29)/2)^2)) -> 13562.717 | G76: 17 | H76: 3 | I76: =IF(G76=0,0,H76/G76) -> 0.17647059 | J76: 39.361 | K76: 42.399 | L76: 61.66 | M76: 0 | N76: 0 | P76: ='Sources & Method'!$B$19 -> 0.3 | Q76: =IF(J76>80,NORMSDIST((Calculator!$B$22-J76)/SQRT((0.3*'Sources & Method'!$B$16)^2+'Sources & Method'!$B$17^2)),(1-P76)*NORMSDIST((Calculator!$B$22-(J76+1))/SQRT((0.3*'Sources & Method'!$B$16)^2+'Sources & Method'!$B$18^2))+P76*NORMSDIST((Calculator!$B$22-85)/SQRT((0.3*'Sources & Method'!$B$16)^2+2.5^2))) -> 0.97401114 | R76: =IF(J76>80,NORMSDIST((Calculator!$B$51-J76)/SQRT((0.3*'Sources & Method'!$B$16)^2+'Sources & Method'!$B$17^2)),(1-P76)*NORMSDIST((Calculator!$B$51-(J76+1))/SQRT((0.3*'Sources & Method'!$B$16)^2+'Sources & Method'!$B$18^2))+P76*NORMSDIST((Calculator!$B$51-85)/SQRT((0.3*'Sources & Method'!$B$16)^2+2.5^2))) -> 0.65712125 | S76: =IF(OR(M76=0,O76="",Calculator!$B$25=0),0,IF(Calculator!$B$25>=999,'Sources & Method'!$B$21,MIN('Sources & Method'!$B$21,NORMSDIST((Calculator!$B$25-O76+0.5)/'Sources & Method'!$B$20)))) -> 0 | T76: =IF(OR(M76=0,O76="",Calculator!$B$54=0),0,IF(Calculator!$B$54>=999,'Sources & Method'!$B$21,MIN('Sources & Method'!$B$21,NORMSDIST((Calculator!$B$54-O76+0.5)/'Sources & Method'!$B$20)))) -> 0 | U76: =RANK(J76,$J$2:$J$76) -> 71
A78: Source: spmb.bandung.go.id · School Info (quotas/applicants) & 2026 Round 1 results (admitted scores, aggregated). Quotas are final system figures. Probabilities use the formulas on the Sources & Method sheet.

Sheet Zone B Domicile
A1: Code | B1: School | C1: Sub-district | D1: Cut-off 2023 (m) | E1: Cut-off 2024 (m) | F1: Cut-off 2025 (m) | G1: Cut-off 2026 (m) | H1: Domicile quota 2026 | I1: Applicants 2026 | J1: Demand (×) | K1: Home distance (m) | L1: μ (log) | M1: σ (log) | N1: Projected cut-off (m) | O1: Range low–high (m) | P1: Domicile probability
A2: N8 | B2: SMPN 8 | C2: Ujungberung | D2: 371.67 | E2: 380.62 | F2: 452.4 | G2: 273.96 | H2: 49 | I2: 227 | J2: =I2/H2 -> 4.6326531 | K2: =INDEX('Schools 2026'!$F:$F,MATCH(A2,'Schools 2026'!$A:$A,0)) -> 168.12564 | L2: ='Sources & Method'!$B$23*LN(D2)+'Sources & Method'!$B$24*LN(E2)+'Sources & Method'!$B$25*LN(F2)+'Sources & Method'!$B$26*LN(G2) -> 5.8029524 | M2: =MAX('Sources & Method'!$B$22,SQRT('Sources & Method'!$B$23*(LN(D2)-L2)^2+'Sources & Method'!$B$24*(LN(E2)-L2)^2+'Sources & Method'!$B$25*(LN(F2)-L2)^2+'Sources & Method'!$B$26*(LN(G2)-L2)^2)) -> 0.3 | N2: =EXP(L2) -> 331.27617 | O2: =TEXT(EXP(L2-M2),"#,##0")&" – "&TEXT(EXP(L2+M2),"#,##0") -> 245 – 447 | P2: =1-NORMSDIST((LN(K2)-L2)/M2) -> 0.98811426
A3: N17 | B3: SMPN 17 | C3: Arcamanik | D3: 498.34 | E3: 524.05 | F3: 543.89 | G3: 650.96 | H3: 113 | I3: 320 | J3: =I3/H3 -> 2.8318584 | K3: =INDEX('Schools 2026'!$F:$F,MATCH(A3,'Schools 2026'!$A:$A,0)) -> 3160.7815 | L3: ='Sources & Method'!$B$23*LN(D3)+'Sources & Method'!$B$24*LN(E3)+'Sources & Method'!$B$25*LN(F3)+'Sources & Method'!$B$26*LN(G3) -> 6.3876355 | M3: =MAX('Sources & Method'!$B$22,SQRT('Sources & Method'!$B$23*(LN(D3)-L3)^2+'Sources & Method'!$B$24*(LN(E3)-L3)^2+'Sources & Method'!$B$25*(LN(F3)-L3)^2+'Sources & Method'!$B$26*(LN(G3)-L3)^2)) -> 0.3 | N3: =EXP(L3) -> 594.44932 | O3: =TEXT(EXP(L3-M3),"#,##0")&" – "&TEXT(EXP(L3+M3),"#,##0") -> 440 – 802 | P3: =1-NORMSDIST((LN(K3)-L3)/M3) -> 1.2751806e-08
A4: N18 | B4: SMPN 18 | C4: Rancasari | D4: 505.04 | E4: 562.49 | F4: 611.37 | G4: 497.89 | H4: 128 | I4: 279 | J4: =I4/H4 -> 2.1796875 | K4: =INDEX('Schools 2026'!$F:$F,MATCH(A4,'Schools 2026'!$A:$A,0)) -> 7767.9751 | L4: ='Sources & Method'!$B$23*LN(D4)+'Sources & Method'!$B$24*LN(E4)+'Sources & Method'!$B$25*LN(F4)+'Sources & Method'!$B$26*LN(G4) -> 6.280722 | M4: =MAX('Sources & Method'!$B$22,SQRT('Sources & Method'!$B$23*(LN(D4)-L4)^2+'Sources & Method'!$B$24*(LN(E4)-L4)^2+'Sources & Method'!$B$25*(LN(F4)-L4)^2+'Sources & Method'!$B$26*(LN(G4)-L4)^2)) -> 0.3 | N4: =EXP(L4) -> 534.17421 | O4: =TEXT(EXP(L4-M4),"#,##0")&" – "&TEXT(EXP(L4+M4),"#,##0") -> 396 – 721 | P4: =1-NORMSDIST((LN(K4)-L4)/M4) -> 0
A5: N42 | B5: SMPN 42 | C5: Rancasari | D5: 1258.77 | E5: 1712.4 | F5: 1474.54 | G5: 944 | H5: 126 | I5: 192 | J5: =I5/H5 -> 1.5238095 | K5: =INDEX('Schools 2026'!$F:$F,MATCH(A5,'Schools 2026'!$A:$A,0)) -> 5810.7191 | L5: ='Sources & Method'!$B$23*LN(D5)+'Sources & Method'!$B$24*LN(E5)+'Sources & Method'!$B$25*LN(F5)+'Sources & Method'!$B$26*LN(G5) -> 7.0653369 | M5: =MAX('Sources & Method'!$B$22,SQRT('Sources & Method'!$B$23*(LN(D5)-L5)^2+'Sources & Method'!$B$24*(LN(E5)-L5)^2+'Sources & Method'!$B$25*(LN(F5)-L5)^2+'Sources & Method'!$B$26*(LN(G5)-L5)^2)) -> 0.3 | N5: =EXP(L5) -> 1170.6763 | O5: =TEXT(EXP(L5-M5),"#,##0")&" – "&TEXT(EXP(L5+M5),"#,##0") -> 867 – 1,580 | P5: =1-NORMSDIST((LN(K5)-L5)/M5) -> 4.6368574e-08
A6: N45 | B6: SMPN 45 | C6: Antapani | D6: 641.38 | E6: 598.48 | F6: 684.9 | G6: 593.76 | H6: 89 | I6: 270 | J6: =I6/H6 -> 3.0337079 | K6: =INDEX('Schools 2026'!$F:$F,MATCH(A6,'Schools 2026'!$A:$A,0)) -> 4547.3024 | L6: ='Sources & Method'!$B$23*LN(D6)+'Sources & Method'!$B$24*LN(E6)+'Sources & Method'!$B$25*LN(F6)+'Sources & Method'!$B$26*LN(G6) -> 6.4272196 | M6: =MAX('Sources & Method'!$B$22,SQRT('Sources & Method'!$B$23*(LN(D6)-L6)^2+'Sources & Method'!$B$24*(LN(E6)-L6)^2+'Sources & Method'!$B$25*(LN(F6)-L6)^2+'Sources & Method'!$B$26*(LN(G6)-L6)^2)) -> 0.3 | N6: =EXP(L6) -> 618.45204 | O6: =TEXT(EXP(L6-M6),"#,##0")&" – "&TEXT(EXP(L6+M6),"#,##0") -> 458 – 835 | P6: =1-NORMSDIST((LN(K6)-L6)/M6) -> 1.4631518e-11
A7: N46 | B7: SMPN 46 | C7: Cibiru | D7: 718.79 | E7: 580.73 | F7: 1001.35 | G7: 710.02 | H7: 111 | I7: 275 | J7: =I7/H7 -> 2.4774775 | K7: =INDEX('Schools 2026'!$F:$F,MATCH(A7,'Schools 2026'!$A:$A,0)) -> 2695.0683 | L7: ='Sources & Method'!$B$23*LN(D7)+'Sources & Method'!$B$24*LN(E7)+'Sources & Method'!$B$25*LN(F7)+'Sources & Method'!$B$26*LN(G7) -> 6.6217087 | M7: =MAX('Sources & Method'!$B$22,SQRT('Sources & Method'!$B$23*(LN(D7)-L7)^2+'Sources & Method'!$B$24*(LN(E7)-L7)^2+'Sources & Method'!$B$25*(LN(F7)-L7)^2+'Sources & Method'!$B$26*(LN(G7)-L7)^2)) -> 0.3 | N7: =EXP(L7) -> 751.2276 | O7: =TEXT(EXP(L7-M7),"#,##0")&" – "&TEXT(EXP(L7+M7),"#,##0") -> 557 – 1,014 | P7: =1-NORMSDIST((LN(K7)-L7)/M7) -> 1.0302419e-05
A8: N48 | B8: SMPN 48 | C8: Rancasari | D8: 883.41 | E8: 1253.54 | F8: 1052.71 | G8: 825.43 | H8: 106 | I8: 239 | J8: =I8/H8 -> 2.254717 | K8: =INDEX('Schools 2026'!$F:$F,MATCH(A8,'Schools 2026'!$A:$A,0)) -> 6955.0826 | L8: ='Sources & Method'!$B$23*LN(D8)+'Sources & Method'!$B$24*LN(E8)+'Sources & Method'!$B$25*LN(F8)+'Sources & Method'!$B$26*LN(G8) -> 6.8427767 | M8: =MAX('Sources & Method'!$B$22,SQRT('Sources & Method'!$B$23*(LN(D8)-L8)^2+'Sources & Method'!$B$24*(LN(E8)-L8)^2+'Sources & Method'!$B$25*(LN(F8)-L8)^2+'Sources & Method'!$B$26*(LN(G8)-L8)^2)) -> 0.3 | N8: =EXP(L8) -> 937.08755 | O8: =TEXT(EXP(L8-M8),"#,##0")&" – "&TEXT(EXP(L8+M8),"#,##0") -> 694 – 1,265 | P8: =1-NORMSDIST((LN(K8)-L8)/M8) -> 1.1825096e-11
A9: N49 | B9: SMPN 49 | C9: Antapani | D9: 632.49 | E9: 640.33 | F9: 723.74 | G9: 597.13 | H9: 115 | I9: 278 | J9: =I9/H9 -> 2.4173913 | K9: =INDEX('Schools 2026'!$F:$F,MATCH(A9,'Schools 2026'!$A:$A,0)) -> 4718.3842 | L9: ='Sources & Method'!$B$23*LN(D9)+'Sources & Method'!$B$24*LN(E9)+'Sources & Method'!$B$25*LN(F9)+'Sources & Method'!$B$26*LN(G9) -> 6.453563 | M9: =MAX('Sources & Method'!$B$22,SQRT('Sources & Method'!$B$23*(LN(D9)-L9)^2+'Sources & Method'!$B$24*(LN(E9)-L9)^2+'Sources & Method'!$B$25*(LN(F9)-L9)^2+'Sources & Method'!$B$26*(LN(G9)-L9)^2)) -> 0.3 | N9: =EXP(L9) -> 634.96062 | O9: =TEXT(EXP(L9-M9),"#,##0")&" – "&TEXT(EXP(L9+M9),"#,##0") -> 470 – 857 | P9: =1-NORMSDIST((LN(K9)-L9)/M9) -> 1.1504575e-11
A10: N50 | B10: SMPN 50 | C10: Ujungberung | D10: 765.96 | E10: 629.77 | F10: 770.57 | G10: 646.23 | H10: 102 | I10: 238 | J10: =I10/H10 -> 2.3333333 | K10: =INDEX('Schools 2026'!$F:$F,MATCH(A10,'Schools 2026'!$A:$A,0)) -> 765.72076 | L10: ='Sources & Method'!$B$23*LN(D10)+'Sources & Method'!$B$24*LN(E10)+'Sources & Method'!$B$25*LN(F10)+'Sources & Method'!$B$26*LN(G10) -> 6.5197778 | M10: =MAX('Sources & Method'!$B$22,SQRT('Sources & Method'!$B$23*(LN(D10)-L10)^2+'Sources & Method'!$B$24*(LN(E10)-L10)^2+'Sources & Method'!$B$25*(LN(F10)-L10)^2+'Sources & Method'!$B$26*(LN(G10)-L10)^2)) -> 0.3 | N10: =EXP(L10) -> 678.42765 | O10: =TEXT(EXP(L10-M10),"#,##0")&" – "&TEXT(EXP(L10+M10),"#,##0") -> 503 – 916 | P10: =1-NORMSDIST((LN(K10)-L10)/M10) -> 0.34330281
A11: N51 | B11: SMPN 51 | C11: Rancasari | D11: 869.11 | E11: 1262.34 | F11: 957.69 | G11: 1075.11 | H11: 140 | I11: 197 | J11: =I11/H11 -> 1.4071429 | K11: =INDEX('Schools 2026'!$F:$F,MATCH(A11,'Schools 2026'!$A:$A,0)) -> 6175.9393 | L11: ='Sources & Method'!$B$23*LN(D11)+'Sources & Method'!$B$24*LN(E11)+'Sources & Method'!$B$25*LN(F11)+'Sources & Method'!$B$26*LN(G11) -> 6.9647109 | M11: =MAX('Sources & Method'!$B$22,SQRT('Sources & Method'!$B$23*(LN(D11)-L11)^2+'Sources & Method'!$B$24*(LN(E11)-L11)^2+'Sources & Method'!$B$25*(LN(F11)-L11)^2+'Sources & Method'!$B$26*(LN(G11)-L11)^2)) -> 0.3 | N11: =EXP(L11) -> 1058.6089 | O11: =TEXT(EXP(L11-M11),"#,##0")&" – "&TEXT(EXP(L11+M11),"#,##0") -> 784 – 1,429 | P11: =1-NORMSDIST((LN(K11)-L11)/M11) -> 2.06354e-09
A12: N53 | B12: SMPN 53 | C12: Mandalajati | D12: 418.55 | E12: 588.85 | F12: 526.33 | G12: 456.31 | H12: 95 | I12: 161 | J12: =I12/H12 -> 1.6947368 | K12: =INDEX('Schools 2026'!$F:$F,MATCH(A12,'Schools 2026'!$A:$A,0)) -> 2713.5839 | L12: ='Sources & Method'!$B$23*LN(D12)+'Sources & Method'!$B$24*LN(E12)+'Sources & Method'!$B$25*LN(F12)+'Sources & Method'!$B$26*LN(G12) -> 6.1927925 | M12: =MAX('Sources & Method'!$B$22,SQRT('Sources & Method'!$B$23*(LN(D12)-L12)^2+'Sources & Method'!$B$24*(LN(E12)-L12)^2+'Sources & Method'!$B$25*(LN(F12)-L12)^2+'Sources & Method'!$B$26*(LN(G12)-L12)^2)) -> 0.3 | N12: =EXP(L12) -> 489.2103 | O12: =TEXT(EXP(L12-M12),"#,##0")&" – "&TEXT(EXP(L12+M12),"#,##0") -> 362 – 660 | P12: =1-NORMSDIST((LN(K12)-L12)/M12) -> 5.6230821e-09
A13: N54 | B13: SMPN 54 | C13: Gedebage | D13: 3708.81 | E13: 4213.39 | F13: 2717.88 | G13: 1546.72 | H13: 123 | I13: 130 | J13: =I13/H13 -> 1.0569106 | K13: =INDEX('Schools 2026'!$F:$F,MATCH(A13,'Schools 2026'!$A:$A,0)) -> 5002.7872 | L13: ='Sources & Method'!$B$23*LN(D13)+'Sources & Method'!$B$24*LN(E13)+'Sources & Method'!$B$25*LN(F13)+'Sources & Method'!$B$26*LN(G13) -> 7.6788691 | M13: =MAX('Sources & Method'!$B$22,SQRT('Sources & Method'!$B$23*(LN(D13)-L13)^2+'Sources & Method'!$B$24*(LN(E13)-L13)^2+'Sources & Method'!$B$25*(LN(F13)-L13)^2+'Sources & Method'!$B$26*(LN(G13)-L13)^2)) -> 0.39511777 | N13: =EXP(L13) -> 2162.1732 | O13: =TEXT(EXP(L13-M13),"#,##0")&" – "&TEXT(EXP(L13+M13),"#,##0") -> 1,456 – 3,210 | P13: =1-NORMSDIST((LN(K13)-L13)/M13) -> 0.016872014
... A20: N72 | B20: SMPN 72 | C20: Panyileukan | D20: 642.76 | E20: 4237.98 | F20: 6654.98 | G20: 667.97 | H20: 40 | I20: 61 | J20: =I20/H20 -> 1.525 | K20: =INDEX('Schools 2026'!$F:$F,MATCH(A20,'Schools 2026'!$A:$A,0)) -> 3437.4324 | L20: ='Sources & Method'!$B$23*LN(D20)+'Sources & Method'!$B$24*LN(E20)+'Sources & Method'!$B$25*LN(F20)+'Sources & Method'!$B$26*LN(G20) -> 7.3541788 | M20: =MAX('Sources & Method'!$B$22,SQRT('Sources & Method'!$B$23*(LN(D20)-L20)^2+'Sources & Method'!$B$24*(LN(E20)-L20)^2+'Sources & Method'!$B$25*(LN(F20)-L20)^2+'Sources & Method'!$B$26*(LN(G20)-L20)^2)) -> 1.0540095 | N20: =EXP(L20) -> 1562.7132 | O20: =TEXT(EXP(L20-M20),"#,##0")&" – "&TEXT(EXP(L20+M20),"#,##0") -> 545 – 4,484 | P20: =1-NORMSDIST((LN(K20)-L20)/M20) -> 0.22725809
A22: Source: spmb.bandung.go.id Recapitulation (2023–2025; 2023–2024 from the zoning track) and 2026 Round 2 results (farthest admitted distance). Zone B residents may only choose Zone B schools on this track.

Sheet Report 2023-2025
A1: Code | B1: Min score 2023 | C1: Min score 2024 | D1: Min score 2025 | E1: Min score 2026 (new formula) | F1: Note
A2: N8 | B2: 96.7 | C2: 97.24 | D2: 97.28 | E2: =INDEX('Schools 2026'!$J:$J,MATCH(A2,'Schools 2026'!$A:$A,0)) -> 92.179 | F2: =IF(E2>80,"Only ranks 1–3 admitted","Accepted unranked students (too few applicants)") -> Only ranks 1–3 admitted
A3: N17 | B3: 96.64 | C3: 97.05 | D3: 97.47 | E3: =INDEX('Schools 2026'!$J:$J,MATCH(A3,'Schools 2026'!$A:$A,0)) -> 89.87 | F3: =IF(E3>80,"Only ranks 1–3 admitted","Accepted unranked students (too few applicants)") -> Only ranks 1–3 admitted
A4: N18 | B4: 92.814 | C4: 94.327 | D4: 92.624 | E4: =INDEX('Schools 2026'!$J:$J,MATCH(A4,'Schools 2026'!$A:$A,0)) -> 85.59 | F4: =IF(E4>80,"Only ranks 1–3 admitted","Accepted unranked students (too few applicants)") -> Only ranks 1–3 admitted
A5: N42 | B5: 35.49 | C5: 36.29 | D5: 34.74 | E5: =INDEX('Schools 2026'!$J:$J,MATCH(A5,'Schools 2026'!$A:$A,0)) -> 43.032 | F5: =IF(E5>80,"Only ranks 1–3 admitted","Accepted unranked students (too few applicants)") -> Accepted unranked students (too few applicants)
A6: N45 | B6: 93.634 | C6: 96.13 | D6: 93.387 | E6: =INDEX('Schools 2026'!$J:$J,MATCH(A6,'Schools 2026'!$A:$A,0)) -> 87.289 | F6: =IF(E6>80,"Only ranks 1–3 admitted","Accepted unranked students (too few applicants)") -> Only ranks 1–3 admitted
A7: N46 | B7: 94.637 | C7: 93.724 | D7: 34.96 | E7: =INDEX('Schools 2026'!$J:$J,MATCH(A7,'Schools 2026'!$A:$A,0)) -> 86.699 | F7: =IF(E7>80,"Only ranks 1–3 admitted","Accepted unranked students (too few applicants)") -> Only ranks 1–3 admitted
A8: N48 | B8: 37.03 | C8: 92.917 | D8: 32.73 | E8: =INDEX('Schools 2026'!$J:$J,MATCH(A8,'Schools 2026'!$A:$A,0)) -> 48.863 | F8: =IF(E8>80,"Only ranks 1–3 admitted","Accepted unranked students (too few applicants)") -> Accepted unranked students (too few applicants)
A9: N49 | B9: 91.797 | C9: 94.347 | D9: 35.05 | E9: =INDEX('Schools 2026'!$J:$J,MATCH(A9,'Schools 2026'!$A:$A,0)) -> 84.73 | F9: =IF(E9>80,"Only ranks 1–3 admitted","Accepted unranked students (too few applicants)") -> Only ranks 1–3 admitted
A10: N50 | B10: 94.417 | C10: 94.287 | D10: 92.644 | E10: =INDEX('Schools 2026'!$J:$J,MATCH(A10,'Schools 2026'!$A:$A,0)) -> 86.567 | F10: =IF(E10>80,"Only ranks 1–3 admitted","Accepted unranked students (too few applicants)") -> Only ranks 1–3 admitted
A11: N51 | B11: 90.774 | C11: 93.047 | D11: 38.86 | E11: =INDEX('Schools 2026'!$J:$J,MATCH(A11,'Schools 2026'!$A:$A,0)) -> 84.848 | F11: =IF(E11>80,"Only ranks 1–3 admitted","Accepted unranked students (too few applicants)") -> Only ranks 1–3 admitted
A12: N53 | B12: 92.327 | C12: 92.777 | D12: 35.48 | E12: =INDEX('Schools 2026'!$J:$J,MATCH(A12,'Schools 2026'!$A:$A,0)) -> 45.128 | F12: =IF(E12>80,"Only ranks 1–3 admitted","Accepted unranked students (too few applicants)") -> Accepted unranked students (too few applicants)
A13: N54 | B13: 33.88 | C13: 35.16 | D13: 33.36 | E13: =INDEX('Schools 2026'!$J:$J,MATCH(A13,'Schools 2026'!$A:$A,0)) -> 38.162 | F13: =IF(E13>80,"Only ranks 1–3 admitted","Accepted unranked students (too few applicants)") -> Accepted unranked students (too few applicants)
... A20: N72 | B20: 34.58 | C20: 34.73 | D20: 34.61 | E20: =INDEX('Schools 2026'!$J:$J,MATCH(A20,'Schools 2026'!$A:$A,0)) -> 45.569 | F20: =IF(E20>80,"Only ranks 1–3 admitted","Accepted unranked students (too few applicants)") -> Accepted unranked students (too few applicants)
A22: 2023–2025: NA = 40% report average + rank bonus (max 100, no TKA). 2026: NA = 70% × NR + 30% × TKA. Scores > 80 require rank 1–3. Source: spmb.bandung.go.id Recapitulation.

Sheet Competition Scores
A1: Organizer | B1: Level | C1: Place | D1: Type (0=individual,1=team) | E1: Key | F1: Score
A2: gov | B2: intl | C2: 1 | D2: 0 | E2: =A2&"|"&B2&"|"&C2&"|"&D2 -> gov|intl|1|0 | F2: 999
A3: gov | B3: intl | C3: 1 | D3: 1 | E3: =A3&"|"&B3&"|"&C3&"|"&D3 -> gov|intl|1|1 | F3: 999
A4: gov | B4: intl | C4: 2 | D4: 0 | E4: =A4&"|"&B4&"|"&C4&"|"&D4 -> gov|intl|2|0 | F4: 999
A5: gov | B5: intl | C5: 2 | D5: 1 | E5: =A5&"|"&B5&"|"&C5&"|"&D5 -> gov|intl|2|1 | F5: 999
A6: gov | B6: intl | C6: 3 | D6: 0 | E6: =A6&"|"&B6&"|"&C6&"|"&D6 -> gov|intl|3|0 | F6: 999
A7: gov | B7: intl | C7: 3 | D7: 1 | E7: =A7&"|"&B7&"|"&C7&"|"&D7 -> gov|intl|3|1 | F7: 999
A8: gov | B8: nat | C8: 1 | D8: 0 | E8: =A8&"|"&B8&"|"&C8&"|"&D8 -> gov|nat|1|0 | F8: 999
A9: gov | B9: nat | C9: 1 | D9: 1 | E9: =A9&"|"&B9&"|"&C9&"|"&D9 -> gov|nat|1|1 | F9: 999
A10: gov | B10: nat | C10: 2 | D10: 0 | E10: =A10&"|"&B10&"|"&C10&"|"&D10 -> gov|nat|2|0 | F10: 999
A11: gov | B11: nat | C11: 2 | D11: 1 | E11: =A11&"|"&B11&"|"&C11&"|"&D11 -> gov|nat|2|1 | F11: 999
A12: gov | B12: nat | C12: 3 | D12: 0 | E12: =A12&"|"&B12&"|"&C12&"|"&D12 -> gov|nat|3|0 | F12: 999
A13: gov | B13: nat | C13: 3 | D13: 1 | E13: =A13&"|"&B13&"|"&C13&"|"&D13 -> gov|nat|3|1 | F13: 999
... A97: mass | B97: city | C97: 3 | D97: 1 | E97: =A97&"|"&B97&"|"&C97&"|"&D97 -> mass|city|3|1 | F97: 1
A99: gov = Ministry of Youth & Sports (POPDA/Porprov/Porkot), Ministry of Education (OSN/O2SN/FLS3N/FTBI/Pentas PAI), Ministry of Religious Affairs (AKSIOMI/OMI/PORSADIN).
A100: other = non-ministry organizers (federations, clubs, private). eduoffice = Bandung City Education Office. mass = mass participation / non-main event.
A101: 999 = direct admission (government national/international champions). Source: SPMB Bandung City 2026 Guide, pp. 46–48.

Sheet Senior High 2026
A1: Senior high | B1: Lat | C1: Lng | D1: Total quota | E1: Report quota | F1: Report applicants | G1: Report demand (×) | H1: Report min score | I1: Report median score | J1: Domicile quota | K1: Farthest domicile distance (m) | L1: Home distance (m) | M1: Domicile probability
A2: SMAN 1 | B2: -6.8954 | C2: 107.6125 | D2: 484 | E2: 56 | F2: 840 | G2: =F2/E2 -> 15 | H2: 311.9 | I2: 315.75 | J2: 227 | K2: 808.9 | L2: =2*6371000*ASIN(SQRT(SIN(RADIANS(B2-'Sources & Method'!$B$28)/2)^2+COS(RADIANS('Sources & Method'!$B$28))*COS(RADIANS(B2))*SIN(RADIANS(C2-'Sources & Method'!$B$29)/2)^2)) -> 9920.4935 | M2: =1-NORMSDIST((LN(L2)-LN(K2))/'Sources & Method'!$B$27) -> 3.9768189e-13
A3: SMAN 2 | B3: -6.8891 | C3: 107.6032 | D3: 528 | E3: 63 | F3: 689 | G3: =F3/E3 -> 10.936508 | H3: 312.5 | I3: 316.44 | J3: 243 | K3: 821.29 | L3: =2*6371000*ASIN(SQRT(SIN(RADIANS(B3-'Sources & Method'!$B$28)/2)^2+COS(RADIANS('Sources & Method'!$B$28))*COS(RADIANS(B3))*SIN(RADIANS(C3-'Sources & Method'!$B$29)/2)^2)) -> 11078.251 | M3: =1-NORMSDIST((LN(L3)-LN(K3))/'Sources & Method'!$B$27) -> 5.2735594e-14
A4: SMAN 4 | B4: -6.9194142 | C4: 107.59855 | D4: 352 | E4: 57 | F4: 2597 | G4: =F4/E4 -> 45.561404 | H4: 306.79 | I4: 311.92 | J4: 164 | K4: 983.01 | L4: =2*6371000*ASIN(SQRT(SIN(RADIANS(B4-'Sources & Method'!$B$28)/2)^2+COS(RADIANS('Sources & Method'!$B$28))*COS(RADIANS(B4))*SIN(RADIANS(C4-'Sources & Method'!$B$29)/2)^2)) -> 11273.52 | M4: =1-NORMSDIST((LN(L4)-LN(K4))/'Sources & Method'!$B$27) -> 1.5817347e-12
A5: SMAN 6 | B5: -6.9113 | C5: 107.5978 | D5: 378 | E5: 62 | F5: 626 | G5: =F5/E5 -> 10.096774 | H5: 300.53 | I5: 303.48 | J5: 172 | K5: 987.56 | L5: =2*6371000*ASIN(SQRT(SIN(RADIANS(B5-'Sources & Method'!$B$28)/2)^2+COS(RADIANS('Sources & Method'!$B$28))*COS(RADIANS(B5))*SIN(RADIANS(C5-'Sources & Method'!$B$29)/2)^2)) -> 11339.352 | M5: =1-NORMSDIST((LN(L5)-LN(K5))/'Sources & Method'!$B$27) -> 1.5435431e-12
A6: SMAN 7 | B6: -6.923 | C6: 107.615 | D6: 400 | E6: 68 | F6: 519 | G6: =F6/E6 -> 7.6323529 | H6: 301.39 | I6: 303.32 | J6: 178 | K6: 921.33 | L6: =2*6371000*ASIN(SQRT(SIN(RADIANS(B6-'Sources & Method'!$B$28)/2)^2+COS(RADIANS('Sources & Method'!$B$28))*COS(RADIANS(B6))*SIN(RADIANS(C6-'Sources & Method'!$B$29)/2)^2)) -> 9496.8774 | M6: =1-NORMSDIST((LN(L6)-LN(K6))/'Sources & Method'!$B$27) -> 1.3194668e-11
A7: SMAN 8 | B7: -6.9383 | C7: 107.6258 | D7: 551 | E7: 73 | F7: 620 | G7: =F7/E7 -> 8.4931507 | H7: 312.37 | I7: 319.85 | J7: 277 | K7: 1268.5 | L7: =2*6371000*ASIN(SQRT(SIN(RADIANS(B7-'Sources & Method'!$B$28)/2)^2+COS(RADIANS('Sources & Method'!$B$28))*COS(RADIANS(B7))*SIN(RADIANS(C7-'Sources & Method'!$B$29)/2)^2)) -> 8694.5548 | M7: =1-NORMSDIST((LN(L7)-LN(K7))/'Sources & Method'!$B$27) -> 1.9032119e-08
A8: SMAN 9 | B8: -6.901176 | C8: 107.58598 | D8: 373 | E8: 43 | F8: 763 | G8: =F8/E8 -> 17.744186 | H8: 304.63 | I8: 308.2 | J8: 181 | K8: 365.03 | L8: =2*6371000*ASIN(SQRT(SIN(RADIANS(B8-'Sources & Method'!$B$28)/2)^2+COS(RADIANS('Sources & Method'!$B$28))*COS(RADIANS(B8))*SIN(RADIANS(C8-'Sources & Method'!$B$29)/2)^2)) -> 12715.193 | M8: =1-NORMSDIST((LN(L8)-LN(K8))/'Sources & Method'!$B$27) -> 0
A9: SMAN 10 | B9: -6.9024838 | C9: 107.643 | D9: 552 | E9: 53 | F9: 787 | G9: =F9/E9 -> 14.849057 | H9: 302.77 | I9: 306.12 | J9: 271 | K9: 623.6 | L9: =2*6371000*ASIN(SQRT(SIN(RADIANS(B9-'Sources & Method'!$B$28)/2)^2+COS(RADIANS('Sources & Method'!$B$28))*COS(RADIANS(B9))*SIN(RADIANS(C9-'Sources & Method'!$B$29)/2)^2)) -> 6464.4558 | M9: =1-NORMSDIST((LN(L9)-LN(K9))/'Sources & Method'!$B$27) -> 1.1816215e-11
A10: SMAN 11 | B10: -6.9405 | C10: 107.6104 | D10: 552 | E10: 88 | F10: 565 | G10: =F10/E10 -> 6.4204545 | H10: 303.85 | I10: 306.9 | J10: 262 | K10: 824.04 | L10: =2*6371000*ASIN(SQRT(SIN(RADIANS(B10-'Sources & Method'!$B$28)/2)^2+COS(RADIANS('Sources & Method'!$B$28))*COS(RADIANS(B10))*SIN(RADIANS(C10-'Sources & Method'!$B$29)/2)^2)) -> 10388.802 | M10: =1-NORMSDIST((LN(L10)-LN(K10))/'Sources & Method'!$B$27) -> 2.2304381e-13
A11: SMAN 12 | B11: -6.9413147 | C11: 107.6462 | D11: 551 | E11: 96 | F11: 713 | G11: =F11/E11 -> 7.4270833 | H11: 308.19 | I11: 312.32 | J11: 294 | K11: 1572.72 | L11: =2*6371000*ASIN(SQRT(SIN(RADIANS(B11-'Sources & Method'!$B$28)/2)^2+COS(RADIANS('Sources & Method'!$B$28))*COS(RADIANS(B11))*SIN(RADIANS(C11-'Sources & Method'!$B$29)/2)^2)) -> 6744.3334 | M11: =1-NORMSDIST((LN(L11)-LN(K11))/'Sources & Method'!$B$27) -> 1.5933083e-05
A12: SMAN 13 | B12: -6.9035 | C12: 107.5651 | D12: 400 | E12: 87 | F12: 2751 | G12: =F12/E12 -> 31.62069 | H12: 295.42 | I12: 300.6 | J12: 167 | K12: 604.68 | L12: =2*6371000*ASIN(SQRT(SIN(RADIANS(B12-'Sources & Method'!$B$28)/2)^2+COS(RADIANS('Sources & Method'!$B$28))*COS(RADIANS(B12))*SIN(RADIANS(C12-'Sources & Method'!$B$29)/2)^2)) -> 14987.785 | M12: =1-NORMSDIST((LN(L12)-LN(K12))/'Sources & Method'!$B$27) -> 0
A13: SMAN 14 | B13: -6.903 | C13: 107.6358 | D13: 376 | E13: 68 | F13: 469 | G13: =F13/E13 -> 6.8970588 | H13: 301.46 | I13: 304.12 | J13: 199 | K13: 586.48 | L13: =2*6371000*ASIN(SQRT(SIN(RADIANS(B13-'Sources & Method'!$B$28)/2)^2+COS(RADIANS('Sources & Method'!$B$28))*COS(RADIANS(B13))*SIN(RADIANS(C13-'Sources & Method'!$B$29)/2)^2)) -> 7236.884 | M13: =1-NORMSDIST((LN(L13)-LN(K13))/'Sources & Method'!$B$27) -> 3.499423e-13
... A28: SMAN 29 | B28: -6.9045422 | C28: 107.5998 | D28: 252 | E28: 22 | F28: 70 | G28: =F28/E28 -> 3.1818182 | H28: 286.2 | I28: 294.12 | J28: 112 | K28: 8518.26 | L28: =2*6371000*ASIN(SQRT(SIN(RADIANS(B28-'Sources & Method'!$B$28)/2)^2+COS(RADIANS('Sources & Method'!$B$28))*COS(RADIANS(B28))*SIN(RADIANS(C28-'Sources & Method'!$B$29)/2)^2)) -> 11160.27 | M28: =1-NORMSDIST((LN(L28)-LN(K28))/'Sources & Method'!$B$27) -> 0.22010115
A30: Source: final 2026 standings, SPMB West Java (spmb.jabarprov.go.id). Senior high report score = 50% junior high report average (5 semesters) + 50% junior high TKA (provincial scale).
A31: Senior high domicile uses the family-card address, not the junior high location. Applicants' junior high is not published, so junior→senior high flows cannot be computed. SMAN 3 and 5 were not in the 2026 public list.
